Workbook
Name I2xL166: #REF!
Name Q2.Q222: padron_prevecion!$Q$222

Sheet DatosPersonales
A1: id: | B1: Apellido: | C1: Nombre | D1: D.n.i: | E1: Nacionalidad: | F1: Género: | G1: Domicilio (Calle y n°): | H1: Cod. Postal: | I1: Provincia: | J1: Estudios: | K1: Titulo / Carrera: | L1: Estado Civil: | M1: Localidad: | N1: E-Mail: | O1: Tel. Contacto: | P1: Fecha Nacimiento:
A2: 21726330 | B2: battafarano | C2: amelia andrea | D2: 21726330 | N2: andrius_1970@hotmail.com | O2: 1144271929 | P2: 25771
A3: 32436304 | B3: arroyo | C3: elizabeth beatriz | D3: 32436304 | N3: elizabeth_arroyo25@hotmail.com | P3: 31527
A4: 31963497 | B4: aranda | C4: natalia veronica | D4: 31963497 | E4: argentina | F4: femenino | G4: pola 2952 | H4: 1439 | I4: bsas | J4: terciario | K4: tecnica radiologa | L4: casada | M4: caba | N4: aranda_natalia@hotmail.com.ar | O4: 1156294264 | P4: 0
A5: 25379033 | B5: amaya | C5: mariela cecilia | D5: 25379033 | E5: argentina | F5: femenino | G5: el hornero 403 | H5: 1408 | I5: bsas | J5: secundario | K5: bachiller contable | L5: divociada | M5: caba | N5: marielaceciliaamaya@hotmail.com | O5: 1126921416 | P5: 27877
A6: 38184089 | B6: amaya | C6: erika elizabeth | D6: 38184089 | M6: caba | O6: 1127191780 | P6: 0
A7: 38894668 | B7: alegre | C7: daniela | D7: 38894668 | M7: caba | N7: danielaoriana68@gmail.com | O7: 1153205634 | P7: 34752
A8: 39114453 | B8: ale | C8: micaela ayelen | D8: 39114453 | M8: caba | N8: micaale40@gmail.com | O8: 1133985337 | P8: 34957
A9: 26678242 | B9: albornoz | C9: victor omar | D9: 26678242 | M9: caba | N9: albornoz78victor@gmail.com | O9: 1136163590 | P9: 28848
A10: 42012262 | B10: acosta | C10: belen teresa | D10: 42012262 | F10: femenino | I10: bsas | J10: secundario | M10: caba | N10: belenmilena1311@hotmail.com | O10: 1128788904 | P10: 36322
A11: 33155103 | B11: romero | C11: irina | D11: 33155103 | E11: argentina | F11: femenino | H11: 1406 | I11: bsas | J11: terciario | K11: terciario en estraccion | L11: soltera | M11: caba | N11: romeroirinauma19@gmail.com | O11: 1165037377 | P11: 31961
A12: 35538835 | B12: ruiz | C12: pablo nahuel | D12: 35538835 | E12: argentino | F12: masculino | G12: las calas 780 | H12: 1778 | I12: bsas | J12: secundario | L12: soltero | M12: ciudad evita | N12: nahuelruiz009@gmail.com | O12: 1165851734 | P12: 33586
A13: 93996095 | B13: felipe lima | C13: aidee deysi | D13: 93996095 | E13: boliviana | F13: femenino | G13: av. Castañares 4650 | H13: 1439 | I13: bsas | J13: terciario | K13: sociologa social | L13: soltera | M13: caba | N13: aideefelipe1977@gmail.com | O13: 1128666648 | P13: 28260
A14: 94842492 | B14: olaya piña | C14: laly del pilar | D14: 94842492 | E14: paraguaya | F14: femenino | G14: hernandarias | H14: 1164 | I14: basa | J14: universitario | K14: licenciado en seguridad publica | L14: soltera | M14: caba | N14: polayalp39@gmail.com | O14: 1154169265 | P14: 33484
A15: 95102089 | B15: ferro rodriguez | C15: maria elena | D15: 95102089 | E15: uruguaya | F15: femenino | G15: fonrouge | H15: 1434 | I15: bsas | J15: universitario | L15: divorciada | M15: caba | N15: marielen1031@hotmail.com | O15: 1150420061 | P15: 27698
A16: 95189729 | B16: gutierrez quispe | C16: griselda | D16: 95189729 | E16: boliviana | F16: femenino | G16: villa 20 | J16: secundario | L16: soltera | M16: caba | N16: chiiguisguty@gmain.com | O16: 1124936411 | P16: 30644
A17: 20009014 | B17: fernandez | C17: mariana | D17: 20009014 | E17: argentina | F17: femenino | G17: galvan 3556 | H17: 1431 | I17: bsas | J17: universitario | K17: psicologia(en curso) | L17: casada | M17: caba | O17: 1144937482 | P17: 24856
A18: 29635937 | B18: dugour | C18: cecilia paola | D18: 29635937 | E18: argentina | F18: femenina | G18: catrilo 546 | H18: 1752 | I18: bsas | J18: secundario | L18: soltera | M18: lomas del mirador | N18: lachechu.lachechu@gmail.com | O18: 1141697938 | P18: 30139
A19: 39471585 | B19: divito | C19: florencia belen | D19: 39471585 | E19: argentina | F19: femenino | G19: 11 de septiembre 545 | H19: 1704 | I19: bsas | J19: secundario | K19: bachiller en ciencias sociales y humanidades | L19: soltera | M19: ramos mejia | N19: floordivito@gmail.com | O19: 1151781882 | P19: 35096
A20: 43817038 | B20: guitierrez | C20: aylin silvia | D20: 43817038 | E20: argentina | F20: femenina | G20: montiel 3912 | H20: 1439 | I20: bsas | J20: primario | L20: soltera | M20: lugano | N20: aylingutierrez74@gmail.com | O20: 1138174900 | P20: 37370
A21: 44486458 | B21: alvarez | C21: miranda | D21: 44486458 | E21: argentina | F21: femenino | G21: mariano acosta 3500 | H21: 1437 | I21: bsas | J21: secundario | K21: bachiller en ciencias naturales | L21: soltera | M21: villa soldati | N21: sabriialvarez06@gmail.com | O21: 1154166856 | P21: 0
A22: 36685920 | B22: davico castañeira | C22: nazareno martin | D22: 36685920 | E22: argentino | F22: masculino | G22: dellepiane 4540 | H22: 1439 | I22: bsas | J22: secundario | K22: perito comercial | L22: soltero | M22: capital federal | N22: nazareno.davico@live.com | O22: 1137817717 | P22: 0
A23: 25060598 | B23: melgarejo | C23: viviana noemi | D23: 25060598 | E23: argentina | F23: femenino | G23: alfredo palacios 4146 | H23: 1752 | I23: bsas | J23: secundario | K23: bachiller | L23: soltera | M23: lomas del mirador | N23: melgarejovivi88@gmail.com | O23: 1168243462 | P23: 0
A24: 31896263 | B24: nogueira | C24: diego marcelo | D24: 31896263 | E24: argentino | F24: masculino | G24: san pedro 4751 | H24: 1407 | I24: bsas | J24: secundario | K24: contable | L24: soltero | M24: caba | N24: diegoluli21@gmail | O24: 1140450018 | P24: 31465
A25: 32554313 | B25: bonomo | C25: yamila maria | D25: 32554313 | E25: argentina | F25: femenino | G25: jose e rodo 4387 | H25: 1407 | I25: bsas | J25: universitario | K25: cursando abogacia | L25: separada | M25: caba | N25: yamilabonomo@hotmail.com | O25: 1160341130 | P25: 31644
A26: 33905319 | B26: herrera | C26: gaston | D26: 33905319 | E26: argentino | F26: masculino | G26: roldan 2575 | H26: 1759 | I26: bsas | J26: secundario | L26: casado | M26: gonzalez catan | N26: herreragas2021@gmail.com | P26: 0
A27: 31302984 | B27: sinchicay | C27: nelida del valle | D27: 31302984 | E27: argentina | F27: femenino | G27: carlos encina 4595 | H27: 1757 | I27: bsas | J27: secundario | K27: bachiller en economia y gestion | L27: soltera | M27: laferrere | N27: nelus872009@hotmail.com | O27: 1130700402 | P27: 30966
A28: 34423850 | B28: mariani | C28: melina giselle | D28: 34423850 | E28: argentina | F28: femenino | G28: primera junta 5512 | H28: 1440 | I28: bsas | J28: secundario | L28: soltera | M28: caba | N28: melinamariani@hotmail.com | O28: 1144171447 | P28: 32546
A29: 32616368 | B29: melgarejo | C29: gabriela romina | D29: 32616368 | E29: argentina | F29: femenino | G29: mz63 vores san javier | H29: 1763 | I29: bsas | J29: secundario | L29: soltera | M29: virrey del pino | N29: gabielarominamelgarejo2@gmail | P29: 0
A30: 43241630 | B30: silva borda | C30: nicolas rodrigo | D30: 43241630 | E30: argentino | F30: masculino | G30: albareño 2811 | H30: 1439 | I30: bsas | J30: secundario | L30: soltero | M30: capital federal | N30: nikkoxeneixe@gmail.com | O30: 1173662195 | P30: 37013
A31: 30440348 | B31: gimenez | C31: monica susana | D31: 30440348 | E31: argentina | F31: femenino | G31: arozarena | H31: 1770 | I31: bsas | J31: universitario | K31: psicopedagogia | L31: casada | M31: tapatiales | N31: moni_181275@hotmail.com | O31: 1160234773 | P31: 27746
A32: 30211914 | B32: jaime | C32: emilse solange | D32: 30211914 | E32: argentina | F32: femenino | G32: remedios 5523 pb | H32: 1440 | I32: bsas | J32: secundario | K32: bachillerato comercial | L32: soltera | M32: mataderos | N32: emilse_jaime@hotmail.com | O32: 1539209596 | P32: 30410
A33: 40873767 | B33: tuzes | C33: maria ester | D33: 40873767 | E33: argentina | F33: femenino | G33: riogallegos 1895 | H33: 1832 | I33: bsas | J33: secundario | L33: soltera | M33: lomas de zamora | N33: martuzesesterm@gmail.com | O33: 1140554236 | P33: 32635
A34: 94075255 | B34: benittez | C34: mirian celeste | D34: 94075255 | E34: paraguay | F34: femenino | G34: viilla 15 n 26bis casa 13 | H34: 1439 | I34: bsas | J34: secundario | L34: casada | M34: caba | N34: micebe2017@gmail.com | O34: 1161619314 | P34: 27897
A35: 29064893 | B35: aquino | C35: emilio javier | D35: 29064893 | E35: argentino | F35: masculino | G35: calle 29 6266 | H35: 1886 | I35: bsas | J35: secundario | K35: arte | L35: casado | M35: berazategui | N35: aquinoemiliojavier@gmail.com | O35: 1125208147 | P35: 29845
A36: 37388128 | B36: caballero reyna | C36: manuel ignacio | D36: 37388128 | N36: manucaballeroreyna2015@gmail.com | O36: 1169729268
A37: 31403780 | B37: cardozo | C37: gladys mabel | D37: 31403780 | N37: mabu21@gmail.com | O37: 1137920163 | P37: 31012
A38: 41917769 | B38: cipriano | C38: facundo nicolas | D38: 41917769 | N38: ciprianofacundonicolas@gmail.com | O38: 1134858925
A39: 22826482 | B39: corarelu | C39: alejandra | D39: 22826482 | N39: alejandracorarelu@hotmail.com | O39: 1166482926 | P39: 26532
A40: 37060301 | B40: coronel | C40: alejandra noemi | D40: 37060301 | N40: coronel.alejandra21n@gmail.com | P40: 34084
A41: 21130792 | B41: declavio | C41: maría cristina | D41: 21130792 | N41: Cristinadecla61@gmail .com | O41: 1161062052 | P41: 22594
A42: 24033237 | B42: delluniversidad | C42: gabriela andrea | D42: 24033237 | N42: gabanddell.gd@gmail.com | O42: 1125993935 | P42: 27233
A43: 22656778 | B43: diego | C43: roxana claudia | D43: 22656778 | N43: roxanadiego@yahoo.com.ar | O43: 1164681681 | P43: 26429
A44: 35353668 | B44: de como | C44: daiana | D44: 35353668 | N44: Daiana.decomo@gmail.com | P44: 33236
A45: 21981832 | B45: digangi | C45: stella maris | D45: 21981832 | N45: digangistella@gmail.com | O45: 1149742514 | P45: 25929
A46: 41639943 | B46: diosquez | C46: sheila nahir | D46: 41639943 | N46: sheiladiosquez98@gmail.com | O46: 1158059413 | P46: 36121
A47: 32404463 | B47: d' agostino | C47: leandro | D47: 32404463
A48: 36786519 | B48: fernandez | C48: florencia soledad | D48: 36786519 | O48: 1164297376
A49: 37036332 | B49: ferrari barcia | C49: brenda belen | D49: 37036332 | N49: brendaff92@hotmail.com | O49: 1126691233 | P49: 33843
A50: 44364634 | B50: flamenco | C50: ludmila rosalia | D50: 44364634 | N50: flamencoludmila02@gmail.com | O50: 1128153730 | P50: 37497
A51: 41263312 | B51: fernandez | C51: nazarena abril | D51: 41263312 | E51: argentina | F51: femenino | G51: falucho san luis 5046 | H51: 1439 | I51: bsas | J51: secundario | L51: soltera | M51: caba | O51: 1159622747 | P51: 35937
A52: 42586370 | B52: figueroa | C52: fernando | D52: 42586370 | N52: ferfigueroa794@gmail.com | O52: 1125475896 | P52: 36652
A53: 34871654 | B53: garcia | C53: maria belen | D53: 34871654 | E53: argentina | F53: femenino | G53: aguero 449 | H53: 1708 | I53: bsas | J53: secundario | K53: economia y gestion de las organizaciones | L53: soltera | M53: morón | N53: beeelgarcia@gmail.com | O53: 1150235407 | P53: 32867
A54: 39275500 | B54: galarza | C54: wanda noemi | D54: 39275500 | O54: 1155818302 | P54: 35031
A55: 40133136 | B55: galeano | C55: carla antonella | D55: 40133136 | E55: argentina | F55: femenino | G55: av. independencia 715 2p | H55: 1099 | I55: caa | J55: secundario | K55: bachiller | L55: soltera | M55: san telmo | N55: carlaagaleano@hotmail.com | O55: 1122416811 | P55: 35463
A56: 38710314 | B56: galian | C56: daiana alejandra | D56: 38710314 | N56: daianagalean.08@gmail.com | O56: 1154983632 | P56: 34827
A57: 43916827 | B57: geirola | C57: tomas agustin | D57: 43916827 | P57: 37281
A58: 36297487 | B58: gonzalez | C58: agostina jessica | D58: 36297487 | N58: agostina_kpa@hotmail.com | O58: 1141633096 | P58: 33504
A59: 39665127 | B59: gonzalez | C59: hernan francisco | D59: 39665127 | N59: francisco78@gmail.com | O59: 1125478930 | P59: 35253
A60: 39646253 | B60: gonzalez churque | C60: maria pilar | D60: 39646253 | N60: pili.gonzalez.96@gmail.com | O60: 1125061863 | P60: 35324
A61: 28054001 | B61: gonzalez | C61: claudia | D61: 28054001 | N61: 2001brisasvale@gmail.com | O61: 1168442449 | P61: 29421
A62: 36162205 | B62: gonzalez | C62: ruth esther | D62: 36162205 | O62: 1123555040
A63: 27930531 | B63: hermida | C63: vanesa karina | D63: 27930531 | N63: vankarher@gmail.com | O63: 1134211980 | P63: 29291
A64: 22447579 | B64: hidalgo | C64: silvia roxana | D64: 22447579 | N64: Silviahidalgo71@yahoo.com.ar | O64: 1135003642 | P64: 26202
A65: 28735010 | B65: ibañez | C65: maria ines | D65: 28735010 | N65: mariaines37@hotmail.com | O65: 1176525294 | P65: 29656
A66: 94521109 | B66: insfran gutierrez | C66: johanna yanett | D66: 94521109 | N66: johannainsfran@gmail.com | P66: 32549
A67: 94290896 | B67: irala | C67: liz | D67: 94290896 | N67: lizirala2604@gmail.com | O67: 1136269477 | P67: 34136
A68: 29319005 | B68: jofre | C68: vivian | D68: 29319005 | O68: 1131374280 | P68: 29991
A69: 31703988 | B69: jurado usabarrena | C69: lourdes anabel | D69: 31703988 | N69: lourdesjurado85@gmail.com | P69: 31240
A70: 30455729 | B70: kehoe | C70: marianela | D70: 30455729 | N70: Mariankehoe83@hotmail.com | O70: 1127588744 | P70: 30612
A71: 43406398 | B71: kim | C71: sabrina leila | D71: 43406398 | N71: skleila2001@hotmail.com | O71: 1165567776 | P71: 37062
A72: 34583817 | B72: larche | C72: dario ezequiel | D72: 34583817 | N72: dario_larche89@hotmail.com | O72: 1125670074 | P72: 32698
A73: 25422284 | B73: lenisa | C73: nancy yanina | D73: 25422284 | N73: nancy210776@gmail.com | O73: 1131666927 | P73: 27962
A74: 27259537 | B74: linos | C74: dolores del carmen | D74: 27259537 | N74: doloreslinos0405@gmail.com | O74: 1166665806 | P74: 28979
A75: 38128116 | B75: lopez | C75: daiana belen | D75: 38128116 | E75: argentina | F75: femenino | H75: 1755 | I75: bsas | J75: secundaria | L75: soltera | M75: rafael castillo | O75: 1139545887 | P75: 34426
A76: 29697288 | B76: lopez | C76: gonzalo ezequiel | D76: 29697288 | N76: gonzalocap@hotmail.com | O76: 1130764350 | P76: 30167
A77: 38165910 | B77: lopez | C77: julieta daiana | D77: 38165910 | N77: lopezjulieta994@gmail.com | O77: 1156201540 | P77: 34440
A78: 37782026 | B78: lopez | C78: lilian elizabeth | D78: 37782026 | N78: lilianqac@gmail.com | O78: 1151065312 | P78: 34158
A79: 39075526 | B79: mamani | C79: ivan | D79: 39075526 | O79: 1138848109 | P79: 35236
A80: 38672137 | B80: mansilla | C80: fernando damian | D80: 38672137 | N80: mfernandodamian@gmail.com | O80: 1130677874 | P80: 34567
A81: 38026805 | B81: martin | C81: nicole | D81: 38026805 | N81: nmmengual17@live.com | O81: 1124048703 | P81: 34401
A82: 22986617 | B82: martinez | C82: raquel | D82: 22986617 | N82: jesusteamo07@live.com.mx | O82: 1123163394 | P82: 26547
A83: 34849125 | B83: martinez | C83: debora alejandra | D83: 34849125 | E83: argentina | F83: femenino | G83: av. rio de la plata | H83: 1763 | I83: bsas | J83: secundario | K83: bachiller en humanidades y cs. sociales | L83: separada | M83: virrey del pino | N83: debymaar@gmail.com | O83: 1135661121 | P83: 31216
A84: 36471269 | B84: medina | C84: katerin julieta | D84: 36471269 | N84: julmedi123@gmail.com | O84: 1141459520 | P84: 34231
A85: 39962767 | B85: mieres | C85: florencia | D85: 39962767 | O85: 1168768011 | P85: 35347
A86: 29332369 | B86: montiel | C86: sergio agustín | D86: 29332369 | N86: fa_osiris@hotmail.com | O86: 1131909270 | P86: 30111
A87: 41556999 | B87: monaco | C87: agustina | D87: 41556999 | E87: argentina | F87: femenino | G87: gra. naoleón uriburu 5803 | H87: 1434 | I87: bsas | J87: secundarios | K87: bachillerato | L87: soltera | M87: caba | N87: agustinamonaco99@gmail.com | O87: 1145289291 | P87: 36102
A88: 22650822 | B88: montenegro | C88: sandra beatriz | D88: 22650822 | N88: montenegro-sandra@hotmail.com | O88: 1158521754 | P88: 26352
A89: 35959231 | B89: muscarelli | C89: florencia sol | D89: 35959231 | N89: fsm.91@hotmail.com | O89: 1167217723 | P89: 33341
A90: 28418896 | B90: nieva | C90: alcira del valle | D90: 28418896 | N90: alcira_delvalle80@hotmail.com | O90: 1157802702 | P90: 29461
A91: 40137655 | B91: nuñez | C91: santino alan | D91: 40137655 | N91: santinoalan222@gmail.com | O91: 1127455035 | P91: 35451
A92: 40390933 | B92: ortiz | C92: yazmin vaniria nahir | D92: 40390933 | N92: yazmin-ortiz@hotmail.com | O92: 1125168797 | P92: 35711
A93: 40239878 | B93: ortiz | C93: daniela | D93: 40239878 | N93: Ortizdaniela977@gmail.com | O93: 1138017700 | P93: 35449
A94: 94997820 | B94: ortiz | C94: gustavo | D94: 94997820 | N94: gusttyortiz_GO@hotmail.com | O94: 1168314085 | P94: 34109
A95: 25847688 | B95: ortiz | C95: marina elizabeth | D95: 25847688 | O95: 1131269652
A96: 38152098 | B96: paez | C96: yamila denise | D96: 38152098 | N96: yamiladpaez@gmail.com | P96: 34586
A97: 40698496 | B97: paz | C97: daniela | D97: 40698496 | F97: femenino | O97: 1165882650
A98: 30465419 | B98: palacio | C98: gustavo | D98: 30465419 | N98: leonelll_83@hotmail.com | O98: 1151361265 | P98: 30580
A99: 45285264 | B99: perez | C99: florencia ludmila | D99: 45285264 | E99: argentina | F99: femenino | G99: luis guanella 441 | H99: 1770 | I99: bsas | J99: secundario | L99: soltera | M99: tapiales | O99: 1124676665 | P99: 38070
A100: 40850341 | B100: perez | C100: maría bettina | D100: 40850341 | N100: mariabettinaperez.18.2015@gmail.com | P100: 35738
...

Sheet DatosLaborales
A1: id: | B1: clave_foranea | C1: N° De Legajo | D1: N° De Cuil: | E1: Domicilio del lugar de Trabajo: (Calle y n°) | F1: Localidad: | G1: Motivo de Afiliación: | H1: Organismo que liquida su haber | I1: Organismo donde trabaja: | J1: Obra Social: | K1: N° de Afiliado: | L1: Fecha de Alta: | M1: Relacion de Dependencia | N1: Inicio Actividad: | O1: Años en Actividad: | P1: renuncio | Q1: tiene_ficha_pdf
A2: 1 | B2: 21726330 | C2: 127 | D2: 34999032089 | E2: bolivar 189 | F2: caba | G2: Gremiales | H2: g.caba | I2: prevencion de la ciudad | M2: planta permanente | N2: 42767 | O2: =YEAR(NOW())-YEAR(N2) -> 8 | P2: 1 | Q2: {=XLOOKUP(C2,fichas_pdf[ap],fichas_pdf[tiene],"no tiene en pdf",0,1)} -> no tiene en pdf
A3: 2 | B3: 32436304 | C3: 1575 | D3: 34999032089 | E3: bolivar 190 | F3: caba | G3: Gremiales | H3: g.caba | I3: prevencion de la ciudad | M3: monotributista | N3: 43536 | O3: =YEAR(NOW())-YEAR(N3) -> 6 | Q3: {=XLOOKUP(C3,fichas_pdf[ap],fichas_pdf[tiene],"no tiene en pdf",0,1)} -> no tiene en pdf
A4: 3 | B4: 31963497 | C4: 444 | D4: 34999032089 | E4: bolivar 191 | F4: caba | G4: Gremiales | H4: g.caba | I4: prevencion de la ciudad | M4: monotributista | N4: 42948 | O4: =YEAR(NOW())-YEAR(N4) -> 8 | Q4: {=XLOOKUP(C4,fichas_pdf[ap],fichas_pdf[tiene],"no tiene en pdf",0,1)} -> 1
A5: 4 | B5: 25379033 | C5: 275 | D5: 34999032089 | E5: bolivar 191 | F5: caba | G5: Gremiales | H5: g.caba | I5: prevencion de la ciudad | M5: monotributista | N5: 42884 | O5: =YEAR(NOW())-YEAR(N5) -> 8 | Q5: {=XLOOKUP(C5,fichas_pdf[ap],fichas_pdf[tiene],"no tiene en pdf",0,1)} -> 1
A6: 5 | B6: 38184089 | C6: 2914 | D6: 34999032089 | E6: bolivar 191 | F6: caba | G6: Gremiales | H6: g.caba | I6: prevencion de la ciudad | M6: monotributista | N6: 45112 | O6: =YEAR(NOW())-YEAR(N6) -> 2 | Q6: {=XLOOKUP(C6,fichas_pdf[ap],fichas_pdf[tiene],"no tiene en pdf",0,1)} -> no tiene en pdf
A7: 6 | B7: 38894668 | C7: 2238 | D7: 34999032089 | E7: bolivar 191 | F7: caba | G7: Gremiales | H7: g.caba | I7: prevencion de la ciudad | M7: monotributista | N7: 45031 | O7: =YEAR(NOW())-YEAR(N7) -> 2 | Q7: {=XLOOKUP(C7,fichas_pdf[ap],fichas_pdf[tiene],"no tiene en pdf",0,1)} -> no tiene en pdf
A8: 7 | B8: 39114453 | C8: 1572 | D8: 34999032089 | E8: bolivar 191 | F8: caba | G8: Gremiales | H8: g.caba | I8: prevencion de la ciudad | M8: monotributista | N8: 43500 | O8: =YEAR(NOW())-YEAR(N8) -> 6 | Q8: {=XLOOKUP(C8,fichas_pdf[ap],fichas_pdf[tiene],"no tiene en pdf",0,1)} -> no tiene en pdf
A9: 8 | B9: 26678242 | C9: 270 | D9: 34999032089 | E9: bolivar 191 | F9: caba | G9: Gremiales | H9: g.caba | I9: prevencion de la ciudad | M9: planta transitoria | N9: 42887 | O9: =YEAR(NOW())-YEAR(N9) -> 8 | Q9: {=XLOOKUP(C9,fichas_pdf[ap],fichas_pdf[tiene],"no tiene en pdf",0,1)} -> no tiene en pdf
A10: 9 | B10: 42012262 | C10: 2166 | D10: 34999032089 | E10: bolivar 191 | F10: caba | G10: Gremiales | H10: g.caba | I10: prevencion de la ciudad | M10: monotributista | N10: 0 | O10: =YEAR(NOW())-YEAR(N10) -> 126 | Q10: {=XLOOKUP(C10,fichas_pdf[ap],fichas_pdf[tiene],"no tiene en pdf",0,1)} -> no tiene en pdf
A11: 10 | B11: 33155103 | C11: 1023 | D11: 34999032089 | E11: bolivar 191 | F11: caba | G11: Gremiales | H11: g.caba | I11: prevencion de la ciudad | M11: monotributista | N11: 42948 | O11: =YEAR(NOW())-YEAR(N11) -> 8 | Q11: {=XLOOKUP(C11,fichas_pdf[ap],fichas_pdf[tiene],"no tiene en pdf",0,1)} -> 1
A12: 11 | B12: 35538835 | C12: 1025 | D12: 34999032089 | E12: bolivar 191 | F12: caba | G12: Gremiales | H12: g.caba | I12: prevencion de la ciudad | M12: monotributista | N12: 0 | O12: =YEAR(NOW())-YEAR(N12) -> 126 | Q12: {=XLOOKUP(C12,fichas_pdf[ap],fichas_pdf[tiene],"no tiene en pdf",0,1)} -> 1
A13: 12 | B13: 93996095 | C13: 754 | D13: 34999032089 | E13: bolivar 191 | F13: caba | G13: Gremiales | H13: g.caba | I13: prevencion de la ciudad | M13: monotributista | N13: 42948 | O13: =YEAR(NOW())-YEAR(N13) -> 8 | Q13: {=XLOOKUP(C13,fichas_pdf[ap],fichas_pdf[tiene],"no tiene en pdf",0,1)} -> 1
A14: 13 | B14: 94842492 | C14: 527 | D14: 34999032089 | E14: bolivar 191 | F14: caba | G14: Gremiales | H14: g.caba | I14: prevencion de la ciudad | M14: monotributista | N14: 0 | O14: =YEAR(NOW())-YEAR(N14) -> 126 | Q14: {=XLOOKUP(C14,fichas_pdf[ap],fichas_pdf[tiene],"no tiene en pdf",0,1)} -> 1
... A35: 36 | B35: 29064893 | C35: 1677 | D35: 34999032089 | E35: bolivar 191 | F35: caba | G35: Gremiales | H35: g.caba | I35: prevencion de la ciudad | M35: monotributista | N35: 43617 | O35: =YEAR(NOW())-YEAR(N35) -> 6 | Q35: {=XLOOKUP(C35,fichas_pdf[ap],fichas_pdf[tiene],"no tiene en pdf",0,1)} -> 1
A36: 37 | B36: 39294750 | C36: 211 | D36: 34999032089 | H36: g.caba | I36: prevencion de la ciudad | M36: Planta Permanente | N36: 42795 | O36: =YEAR(NOW())-YEAR(N36) -> 8 | Q36: {=XLOOKUP(C36,fichas_pdf[ap],fichas_pdf[tiene],"no tiene en pdf",0,1)} -> no tiene en pdf
A37: 38 | B37: 37388128 | C37: 1112 | D37: 34999032089 | H37: g.caba | I37: prevencion de la ciudad | M37: Monotributista | N37: 42948 | O37: =YEAR(NOW())-YEAR(N37) -> 8 | Q37: {=XLOOKUP(C37,fichas_pdf[ap],fichas_pdf[tiene],"no tiene en pdf",0,1)} -> no tiene en pdf
A38: 39 | B38: 36848082 | C38: 1679 | D38: 34999032089 | H38: g.caba | I38: prevencion de la ciudad | M38: Monotributista | N38: 41598 | O38: =YEAR(NOW())-YEAR(N38) -> 12 | P38: 1 | Q38: {=XLOOKUP(C38,fichas_pdf[ap],fichas_pdf[tiene],"no tiene en pdf",0,1)} -> no tiene en pdf
A39: 40 | B39: 31403780 | C39: 729 | D39: 34999032089 | H39: g.caba | I39: prevencion de la ciudad | M39: Monotributista | N39: 42948 | O39: =YEAR(NOW())-YEAR(N39) -> 8 | Q39: {=XLOOKUP(C39,fichas_pdf[ap],fichas_pdf[tiene],"no tiene en pdf",0,1)} -> no tiene en pdf
A40: 41 | B40: 41917769 | C40: 1923 | D40: 34999032089 | H40: g.caba | I40: prevencion de la ciudad | M40: Monotributista | N40: 44713 | O40: =YEAR(NOW())-YEAR(N40) -> 3 | Q40: {=XLOOKUP(C40,fichas_pdf[ap],fichas_pdf[tiene],"no tiene en pdf",0,1)} -> 1
A41: 42 | B41: 22826482 | C41: 130 | D41: 34999032089 | H41: g.caba | I41: prevencion de la ciudad | M41: Planta Permanente | N41: 42675 | O41: =YEAR(NOW())-YEAR(N41) -> 9 | Q41: {=XLOOKUP(C41,fichas_pdf[ap],fichas_pdf[tiene],"no tiene en pdf",0,1)} -> no tiene en pdf
A42: 43 | B42: 37060301 | C42: 2883 | D42: 34999032089 | H42: g.caba | I42: prevencion de la ciudad | M42: Monotributista | O42: =YEAR(NOW())-YEAR(N42) -> 126 | Q42: {=XLOOKUP(C42,fichas_pdf[ap],fichas_pdf[tiene],"no tiene en pdf",0,1)} -> 1
A43: 44 | B43: 21130792 | C43: 1579 | D43: 34999032089 | H43: g.caba | I43: prevencion de la ciudad | M43: Monotributista | N43: 43497 | O43: =YEAR(NOW())-YEAR(N43) -> 6 | Q43: {=XLOOKUP(C43,fichas_pdf[ap],fichas_pdf[tiene],"no tiene en pdf",0,1)} -> no tiene en pdf
A44: 45 | B44: 24033237 | C44: 303 | D44: 34999032089 | H44: g.caba | I44: prevencion de la ciudad | M44: Planta Transitoria | N44: 42983 | O44: =YEAR(NOW())-YEAR(N44) -> 8 | Q44: {=XLOOKUP(C44,fichas_pdf[ap],fichas_pdf[tiene],"no tiene en pdf",0,1)} -> no tiene en pdf
A45: 46 | B45: 22656778 | C45: 1116 | D45: 34999032089 | H45: g.caba | I45: prevencion de la ciudad | M45: Monotributista | N45: 42954 | O45: =YEAR(NOW())-YEAR(N45) -> 8 | Q45: {=XLOOKUP(C45,fichas_pdf[ap],fichas_pdf[tiene],"no tiene en pdf",0,1)} -> 1
A46: 47 | B46: 35353668 | C46: 1640 | D46: 34999032089 | H46: g.caba | I46: prevencion de la ciudad | M46: Monotributista | N46: 43525 | O46: =YEAR(NOW())-YEAR(N46) -> 6 | P46: 1 | Q46: {=XLOOKUP(C46,fichas_pdf[ap],fichas_pdf[tiene],"no tiene en pdf",0,1)} -> no tiene en pdf
A47: 48 | B47: 22982124 | C47: 1849 | D47: 34999032089 | H47: g.caba | I47: prevencion de la ciudad | M47: Monotributista | N47: 44319 | O47: =YEAR(NOW())-YEAR(N47) -> 4 | Q47: {=XLOOKUP(C47,fichas_pdf[ap],fichas_pdf[tiene],"no tiene en pdf",0,1)} -> no tiene en pdf
A48: 50 | B48: 21981832 | C48: 2447 | D48: 34999032089 | H48: g.caba | I48: prevencion de la ciudad | M48: Monotributista | O48: =YEAR(NOW())-YEAR(N48) -> 126 | Q48: {=XLOOKUP(C48,fichas_pdf[ap],fichas_pdf[tiene],"no tiene en pdf",0,1)} -> no tiene en pdf
A49: 51 | B49: 41639943 | C49: 2449 | D49: 34999032089 | H49: g.caba | I49: prevencion de la ciudad | M49: Monotributista | O49: =YEAR(NOW())-YEAR(N49) -> 126 | Q49: {=XLOOKUP(C49,fichas_pdf[ap],fichas_pdf[tiene],"no tiene en pdf",0,1)} -> no tiene en pdf
A50: 52 | B50: 32404463 | D50: 34999032089 | H50: g.caba | I50: prevencion de la ciudad | M50: Monotributista | O50: =YEAR(NOW())-YEAR(N50) -> 126 | Q50: {=XLOOKUP(C50,fichas_pdf[ap],fichas_pdf[tiene],"no tiene en pdf",0,1)} -> no tiene en pdf
A51: 53 | B51: 36786519 | C51: 2776 | D51: 34999032089 | H51: g.caba | I51: prevencion de la ciudad | M51: Monotributista | O51: =YEAR(NOW())-YEAR(N51) -> 126 | Q51: {=XLOOKUP(C51,fichas_pdf[ap],fichas_pdf[tiene],"no tiene en pdf",0,1)} -> no tiene en pdf
A52: 54 | B52: 37036332 | C52: 1644 | D52: 34999032089 | H52: g.caba | I52: prevencion de la ciudad | M52: Monotributista | N52: 43525 | O52: =YEAR(NOW())-YEAR(N52) -> 6 | Q52: {=XLOOKUP(C52,fichas_pdf[ap],fichas_pdf[tiene],"no tiene en pdf",0,1)} -> 1
A53: 55 | B53: 44364634 | C53: 2463 | D53: 34999032089 | H53: g.caba | I53: prevencion de la ciudad | M53: Monotributista | O53: =YEAR(NOW())-YEAR(N53) -> 126 | Q53: {=XLOOKUP(C53,fichas_pdf[ap],fichas_pdf[tiene],"no tiene en pdf",0,1)} -> no tiene en pdf
A54: 56 | B54: 41263312 | C54: 2267 | D54: 34999032089 | H54: g.caba | I54: prevencion de la ciudad | M54: Monotributista | O54: =YEAR(NOW())-YEAR(N54) -> 126 | Q54: {=XLOOKUP(C54,fichas_pdf[ap],fichas_pdf[tiene],"no tiene en pdf",0,1)} -> 1
A55: 57 | B55: 42586370 | C55: 1645 | D55: 34999032089 | H55: g.caba | I55: prevencion de la ciudad | M55: Monotributista | N55: 43556 | O55: =YEAR(NOW())-YEAR(N55) -> 6 | Q55: {=XLOOKUP(C55,fichas_pdf[ap],fichas_pdf[tiene],"no tiene en pdf",0,1)} -> 1
A56: 58 | B56: 40748856 | C56: 1241 | D56: 34999032089 | H56: g.caba | I56: prevencion de la ciudad | M56: Monotributista | N56: 43110 | O56: =YEAR(NOW())-YEAR(N56) -> 7 | P56: 1 | Q56: {=XLOOKUP(C56,fichas_pdf[ap],fichas_pdf[tiene],"no tiene en pdf",0,1)} -> no tiene en pdf
A57: 59 | B57: 18205196 | C57: 111 | D57: 34999032089 | H57: g.caba | I57: prevencion de la ciudad | M57: Planta Permanente | N57: 41122 | O57: =YEAR(NOW())-YEAR(N57) -> 13 | P57: 1 | Q57: {=XLOOKUP(C57,fichas_pdf[ap],fichas_pdf[tiene],"no tiene en pdf",0,1)} -> no tiene en pdf
A58: 60 | B58: 34871654 | C58: 2785 | D58: 34999032089 | H58: g.caba | I58: prevencion de la ciudad | M58: Monotributista | N58: 45111 | O58: =YEAR(NOW())-YEAR(N58) -> 2 | Q58: {=XLOOKUP(C58,fichas_pdf[ap],fichas_pdf[tiene],"no tiene en pdf",0,1)} -> no tiene en pdf
A59: 61 | B59: 39275500 | C59: 3150 | D59: 34999032089 | H59: g.caba | I59: prevencion de la ciudad | M59: Monotributista | O59: =YEAR(NOW())-YEAR(N59) -> 126 | Q59: {=XLOOKUP(C59,fichas_pdf[ap],fichas_pdf[tiene],"no tiene en pdf",0,1)} -> no tiene en pdf
A60: 62 | B60: 40133136 | C60: 2275 | D60: 34999032089 | H60: g.caba | I60: prevencion de la ciudad | M60: Monotributista | N60: 45291 | O60: =YEAR(NOW())-YEAR(N60) -> 2 | P60: 0 | Q60: {=XLOOKUP(C60,fichas_pdf[ap],fichas_pdf[tiene],"no tiene en pdf",0,1)} -> no tiene en pdf
A61: 63 | B61: 38710314 | C61: 1984 | D61: 34999032089 | H61: g.caba | I61: prevencion de la ciudad | M61: Monotributista | N61: 44958 | O61: =YEAR(NOW())-YEAR(N61) -> 2 | Q61: {=XLOOKUP(C61,fichas_pdf[ap],fichas_pdf[tiene],"no tiene en pdf",0,1)} -> 1
A62: 64 | B62: 43916827 | C62: 2636 | D62: 34999032089 | H62: g.caba | I62: prevencion de la ciudad | M62: Monotributista | O62: =YEAR(NOW())-YEAR(N62) -> 126 | Q62: {=XLOOKUP(C62,fichas_pdf[ap],fichas_pdf[tiene],"no tiene en pdf",0,1)} -> no tiene en pdf
A63: 65 | B63: 36297487 | C63: 769 | D63: 34999032089 | H63: g.caba | I63: prevencion de la ciudad | M63: Monotributista | N63: 42948 | O63: =YEAR(NOW())-YEAR(N63) -> 8 | Q63: {=XLOOKUP(C63,fichas_pdf[ap],fichas_pdf[tiene],"no tiene en pdf",0,1)} -> 1
A64: 66 | B64: 39665127 | C64: 2793 | D64: 34999032089 | H64: g.caba | I64: prevencion de la ciudad | M64: Monotributista | O64: =YEAR(NOW())-YEAR(N64) -> 126 | Q64: {=XLOOKUP(C64,fichas_pdf[ap],fichas_pdf[tiene],"no tiene en pdf",0,1)} -> no tiene en pdf
A65: 67 | B65: 39646253 | C65: 2473 | D65: 34999032089 | H65: g.caba | I65: prevencion de la ciudad | M65: Monotributista | O65: =YEAR(NOW())-YEAR(N65) -> 126 | Q65: {=XLOOKUP(C65,fichas_pdf[ap],fichas_pdf[tiene],"no tiene en pdf",0,1)} -> 1
A66: 68 | B66: 28054001 | C66: 494 | D66: 34999032089 | H66: g.caba | I66: prevencion de la ciudad | M66: Monotributista | N66: 42919 | O66: =YEAR(NOW())-YEAR(N66) -> 8 | Q66: {=XLOOKUP(C66,fichas_pdf[ap],fichas_pdf[tiene],"no tiene en pdf",0,1)} -> no tiene en pdf
A67: 69 | B67: 36162205 | C67: 2184 | D67: 34999032089 | H67: g.caba | I67: prevencion de la ciudad | M67: Monotributista | O67: =YEAR(NOW())-YEAR(N67) -> 126 | Q67: {=XLOOKUP(C67,fichas_pdf[ap],fichas_pdf[tiene],"no tiene en pdf",0,1)} -> no tiene en pdf
A68: 72 | B68: 27930531 | C68: 576 | D68: 34999032089 | H68: g.caba | I68: prevencion de la ciudad | M68: Monotributista | N68: 42917 | O68: =YEAR(NOW())-YEAR(N68) -> 8 | Q68: {=XLOOKUP(C68,fichas_pdf[ap],fichas_pdf[tiene],"no tiene en pdf",0,1)} -> no tiene en pdf
A69: 73 | B69: 22447579 | C69: 1608 | D69: 34999032089 | H69: g.caba | I69: prevencion de la ciudad | M69: Monotributista | N69: 43497 | O69: =YEAR(NOW())-YEAR(N69) -> 6 | Q69: {=XLOOKUP(C69,fichas_pdf[ap],fichas_pdf[tiene],"no tiene en pdf",0,1)} -> no tiene en pdf
A70: 75 | B70: 28735010 | C70: 1410 | D70: 34999032089 | H70: g.caba | I70: prevencion de la ciudad | M70: Monotributista | N70: 41640 | O70: =YEAR(NOW())-YEAR(N70) -> 11 | Q70: {=XLOOKUP(C70,fichas_pdf[ap],fichas_pdf[tiene],"no tiene en pdf",0,1)} -> 1
A71: 76 | B71: 35973296 | C71: 1683 | D71: 34999032089 | H71: g.caba | I71: prevencion de la ciudad | M71: Monotributista | N71: 43556 | O71: =YEAR(NOW())-YEAR(N71) -> 6 | Q71: {=XLOOKUP(C71,fichas_pdf[ap],fichas_pdf[tiene],"no tiene en pdf",0,1)} -> no tiene en pdf
A72: 77 | B72: 94521109 | C72: 577 | D72: 34999032089 | H72: g.caba | I72: prevencion de la ciudad | M72: Monotributista | N72: 42919 | O72: =YEAR(NOW())-YEAR(N72) -> 8 | P72: 1 | Q72: {=XLOOKUP(C72,fichas_pdf[ap],fichas_pdf[tiene],"no tiene en pdf",0,1)} -> no tiene en pdf
A73: 78 | B73: 94290896 | C73: 1326 | D73: 34999032089 | H73: g.caba | I73: prevencion de la ciudad | M73: Monotributista | N73: 43132 | O73: =YEAR(NOW())-YEAR(N73) -> 7 | Q73: {=XLOOKUP(C73,fichas_pdf[ap],fichas_pdf[tiene],"no tiene en pdf",0,1)} -> no tiene en pdf
A74: 79 | B74: 29319005 | C74: 343 | D74: 34999032089 | H74: g.caba | I74: prevencion de la ciudad | M74: Monotributista | N74: 42856 | O74: =YEAR(NOW())-YEAR(N74) -> 8 | Q74: {=XLOOKUP(C74,fichas_pdf[ap],fichas_pdf[tiene],"no tiene en pdf",0,1)} -> no tiene en pdf
A75: 80 | B75: 31703988 | C75: 779 | D75: 34999032089 | H75: g.caba | I75: prevencion de la ciudad | M75: Monotributista | N75: 42948 | O75: =YEAR(NOW())-YEAR(N75) -> 8 | P75: 1 | Q75: {=XLOOKUP(C75,fichas_pdf[ap],fichas_pdf[tiene],"no tiene en pdf",0,1)} -> no tiene en pdf
A76: 81 | B76: 30455729 | C76: 129 | D76: 34999032089 | H76: g.caba | I76: prevencion de la ciudad | M76: Planta Transitoria | N76: 41818 | O76: =YEAR(NOW())-YEAR(N76) -> 11 | Q76: {=XLOOKUP(C76,fichas_pdf[ap],fichas_pdf[tiene],"no tiene en pdf",0,1)} -> no tiene en pdf
A77: 82 | B77: 43406398 | C77: 1969 | D77: 34999032089 | H77: g.caba | I77: prevencion de la ciudad | M77: Monotributista | O77: =YEAR(NOW())-YEAR(N77) -> 126 | Q77: {=XLOOKUP(C77,fichas_pdf[ap],fichas_pdf[tiene],"no tiene en pdf",0,1)} -> 1
A78: 83 | B78: 34583817 | C78: 166 | D78: 34999032089 | H78: g.caba | I78: prevencion de la ciudad | M78: Planta Transitoria | N78: 41692 | O78: =YEAR(NOW())-YEAR(N78) -> 11 | Q78: {=XLOOKUP(C78,fichas_pdf[ap],fichas_pdf[tiene],"no tiene en pdf",0,1)} -> no tiene en pdf
A79: 84 | B79: 25422284 | C79: 925 | D79: 34999032089 | H79: g.caba | I79: prevencion de la ciudad | M79: Monotributista | N79: 42954 | O79: =YEAR(NOW())-YEAR(N79) -> 8 | Q79: {=XLOOKUP(C79,fichas_pdf[ap],fichas_pdf[tiene],"no tiene en pdf",0,1)} -> no tiene en pdf
A80: 85 | B80: 27259537 | C80: 1536 | D80: 34999032089 | H80: g.caba | I80: prevencion de la ciudad | M80: Monotributista | N80: 43405 | O80: =YEAR(NOW())-YEAR(N80) -> 7 | Q80: {=XLOOKUP(C80,fichas_pdf[ap],fichas_pdf[tiene],"no tiene en pdf",0,1)} -> no tiene en pdf
A81: 86 | B81: 38128116 | C81: 2649 | D81: 34999032089 | H81: g.caba | I81: prevencion de la ciudad | M81: Monotributista | N81: 45048 | O81: =YEAR(NOW())-YEAR(N81) -> 2 | Q81: {=XLOOKUP(C81,fichas_pdf[ap],fichas_pdf[tiene],"no tiene en pdf",0,1)} -> no tiene en pdf
A82: 87 | B82: 29697288 | D82: 34999032089 | H82: g.caba | I82: prevencion de la ciudad | M82: Planta Permanente | N82: 39874 | O82: =YEAR(NOW())-YEAR(N82) -> 16 | Q82: {=XLOOKUP(C82,fichas_pdf[ap],fichas_pdf[tiene],"no tiene en pdf",0,1)} -> no tiene en pdf
A83: 88 | B83: 38165910 | C83: 1873 | D83: 34999032089 | H83: g.caba | I83: prevencion de la ciudad | M83: Monotributista | N83: 44256 | O83: =YEAR(NOW())-YEAR(N83) -> 4 | Q83: {=XLOOKUP(C83,fichas_pdf[ap],fichas_pdf[tiene],"no tiene en pdf",0,1)} -> 1
A84: 89 | B84: 37782026 | C84: 1989 | D84: 34999032089 | H84: g.caba | I84: prevencion de la ciudad | M84: Monotributista | O84: =YEAR(NOW())-YEAR(N84) -> 126 | Q84: {=XLOOKUP(C84,fichas_pdf[ap],fichas_pdf[tiene],"no tiene en pdf",0,1)} -> 1
A85: 90 | B85: 35979324 | C85: 932 | D85: 34999032089 | H85: g.caba | I85: prevencion de la ciudad | M85: Monotributista | N85: 42948 | O85: =YEAR(NOW())-YEAR(N85) -> 8 | Q85: {=XLOOKUP(C85,fichas_pdf[ap],fichas_pdf[tiene],"no tiene en pdf",0,1)} -> no tiene en pdf
A86: 91 | B86: 39075526 | C86: 2813 | D86: 34999032089 | H86: g.caba | I86: prevencion de la ciudad | M86: Monotributista | O86: =YEAR(NOW())-YEAR(N86) -> 126 | Q86: {=XLOOKUP(C86,fichas_pdf[ap],fichas_pdf[tiene],"no tiene en pdf",0,1)} -> no tiene en pdf
A87: 92 | B87: 38672137 | C87: 2657 | D87: 34999032089 | H87: g.caba | I87: prevencion de la ciudad | M87: Monotributista | O87: =YEAR(NOW())-YEAR(N87) -> 126 | Q87: {=XLOOKUP(C87,fichas_pdf[ap],fichas_pdf[tiene],"no tiene en pdf",0,1)} -> no tiene en pdf
A88: 94 | B88: 38026805 | C88: 1657 | D88: 34999032089 | H88: g.caba | I88: prevencion de la ciudad | M88: Monotributista | N88: 43525 | O88: =YEAR(NOW())-YEAR(N88) -> 6 | Q88: {=XLOOKUP(C88,fichas_pdf[ap],fichas_pdf[tiene],"no tiene en pdf",0,1)} -> no tiene en pdf
A89: 95 | B89: 22986617 | C89: 941 | D89: 34999032089 | H89: g.caba | I89: prevencion de la ciudad | M89: Monotributista | N89: 42948 | O89: =YEAR(NOW())-YEAR(N89) -> 8 | Q89: {=XLOOKUP(C89,fichas_pdf[ap],fichas_pdf[tiene],"no tiene en pdf",0,1)} -> 1
A90: 96 | B90: 34849125 | D90: 34999032089 | H90: g.caba | I90: prevencion de la ciudad | M90: Monotributista | O90: =YEAR(NOW())-YEAR(N90) -> 126 | Q90: {=XLOOKUP(C90,fichas_pdf[ap],fichas_pdf[tiene],"no tiene en pdf",0,1)} -> no tiene en pdf
A91: 97 | B91: 36471269 | C91: 2499 | D91: 34999032089 | H91: g.caba | I91: prevencion de la ciudad | M91: Monotributista | O91: =YEAR(NOW())-YEAR(N91) -> 126 | Q91: {=XLOOKUP(C91,fichas_pdf[ap],fichas_pdf[tiene],"no tiene en pdf",0,1)} -> no tiene en pdf
A92: 98 | B92: 39962767 | C92: 1944 | D92: 34999032089 | H92: g.caba | I92: prevencion de la ciudad | M92: Monotributista | O92: =YEAR(NOW())-YEAR(N92) -> 126 | Q92: {=XLOOKUP(C92,fichas_pdf[ap],fichas_pdf[tiene],"no tiene en pdf",0,1)} -> 1
A93: 99 | B93: 29332369 | C93: 523 | D93: 34999032089 | H93: g.caba | I93: prevencion de la ciudad | M93: Monotributista | N93: 42884 | O93: =YEAR(NOW())-YEAR(N93) -> 8 | Q93: {=XLOOKUP(C93,fichas_pdf[ap],fichas_pdf[tiene],"no tiene en pdf",0,1)} -> no tiene en pdf
A94: 100 | B94: 41556999 | C94: 3018 | D94: 34999032089 | H94: g.caba | I94: prevencion de la ciudad | M94: Monotributista | N94: 45140 | O94: =YEAR(NOW())-YEAR(N94) -> 2 | Q94: {=XLOOKUP(C94,fichas_pdf[ap],fichas_pdf[tiene],"no tiene en pdf",0,1)} -> no tiene en pdf
A95: 101 | B95: 22650822 | C95: 114 | D95: 34999032089 | H95: g.caba | I95: prevencion de la ciudad | N95: 42186 | O95: =YEAR(NOW())-YEAR(N95) -> 10 | Q95: {=XLOOKUP(C95,fichas_pdf[ap],fichas_pdf[tiene],"no tiene en pdf",0,1)} -> no tiene en pdf
A96: 103 | B96: 35959231 | C96: 376 | D96: 34999032089 | H96: g.caba | I96: prevencion de la ciudad | M96: Monotributista | N96: 42884 | O96: =YEAR(NOW())-YEAR(N96) -> 8 | Q96: {=XLOOKUP(C96,fichas_pdf[ap],fichas_pdf[tiene],"no tiene en pdf",0,1)} -> no tiene en pdf
A97: 104 | B97: 28418896 | C97: 1978 | D97: 34999032089 | H97: g.caba | I97: prevencion de la ciudad | M97: Monotributista | O97: =YEAR(NOW())-YEAR(N97) -> 126 | Q97: {=XLOOKUP(C97,fichas_pdf[ap],fichas_pdf[tiene],"no tiene en pdf",0,1)} -> 1
A98: 105 | B98: 40137655 | C98: 2324 | D98: 34999032089 | H98: g.caba | I98: prevencion de la ciudad | M98: Monotributista | O98: =YEAR(NOW())-YEAR(N98) -> 126 | Q98: {=XLOOKUP(C98,fichas_pdf[ap],fichas_pdf[tiene],"no tiene en pdf",0,1)} -> 1
A99: 106 | B99: 40390933 | C99: 1543 | D99: 34999032089 | H99: g.caba | I99: prevencion de la ciudad | M99: Monotributista | N99: 43405 | O99: =YEAR(NOW())-YEAR(N99) -> 7 | Q99: {=XLOOKUP(C99,fichas_pdf[ap],fichas_pdf[tiene],"no tiene en pdf",0,1)} -> no tiene en pdf
A100: 107 | B100: 40239878 | C100: 1739 | D100: 34999032089 | H100: g.caba | I100: prevencion de la ciudad | M100: Monotributista | N100: 43710 | O100: =YEAR(NOW())-YEAR(N100) -> 6 | Q100: {=XLOOKUP(C100,fichas_pdf[ap],fichas_pdf[tiene],"no tiene en pdf",0,1)} -> no tiene en pdf
A101: 108 | B101: 94997820 | D101: 34999032089 | H101: g.caba | I101: prevencion de la ciudad | M101: Monotributista | N101: 44510 | O101: =YEAR(NOW())-YEAR(N101) -> 4 | Q101: {=XLOOKUP(C101,fichas_pdf[ap],fichas_pdf[tiene],"no tiene en pdf",0,1)} -> no tiene en pdf
A102: 109 | B102: 25847688 | C102: 3199 | D102: 34999032089 | H102: g.caba | I102: prevencion de la ciudad | M102: Monotributista | O102: =YEAR(NOW())-YEAR(N102) -> 126 | Q102: {=XLOOKUP(C102,fichas_pdf[ap],fichas_pdf[tiene],"no tiene en pdf",0,1)} -> no tiene en pdf
A103: 110 | B103: 38152098 | C103: 1594 | D103: 34999032089 | H103: g.caba | I103: prevencion de la ciudad | M103: Monotributista | N103: 43497 | O103: =YEAR(NOW())-YEAR(N103) -> 6 | P103: 1 | Q103: {=XLOOKUP(C103,fichas_pdf[ap],fichas_pdf[tiene],"no tiene en pdf",0,1)} -> no tiene en pdf
A104: 111 | B104: 40698496 | C104: 2830 | D104: 34999032089 | H104: g.caba | I104: prevencion de la ciudad | M104: Monotributista | O104: =YEAR(NOW())-YEAR(N104) -> 126 | Q104: {=XLOOKUP(C104,fichas_pdf[ap],fichas_pdf[tiene],"no tiene en pdf",0,1)} -> no tiene en pdf
A105: 112 | B105: 30465419 | C105: 1124 | D105: 34999032089 | H105: g.caba | I105: prevencion de la ciudad | M105: Monotributista | N105: 43009 | O105: =YEAR(NOW())-YEAR(N105) -> 8 | Q105: {=XLOOKUP(C105,fichas_pdf[ap],fichas_pdf[tiene],"no tiene en pdf",0,1)} -> 1
A106: 113 | B106: 45285264 | C106: 2518 | D106: 34999032089 | H106: g.caba | I106: prevencion de la ciudad | M106: Monotributista | O106: =YEAR(NOW())-YEAR(N106) -> 126 | Q106: {=XLOOKUP(C106,fichas_pdf[ap],fichas_pdf[tiene],"no tiene en pdf",0,1)} -> 1
A107: 114 | B107: 40850341 | C107: 1693 | D107: 34999032089 | H107: g.caba | I107: prevencion de la ciudad | M107: Monotributista | N107: 43234 | O107: =YEAR(NOW())-YEAR(N107) -> 7 | P107: 1 | Q107: {=XLOOKUP(C107,fichas_pdf[ap],fichas_pdf[tiene],"no tiene en pdf",0,1)} -> no tiene en pdf
A108: 115 | B108: 25681364 | C108: 1953 | D108: 34999032089 | H108: g.caba | I108: prevencion de la ciudad | M108: Monotributista | N108: 44627 | O108: =YEAR(NOW())-YEAR(N108) -> 3 | Q108: {=XLOOKUP(C108,fichas_pdf[ap],fichas_pdf[tiene],"no tiene en pdf",0,1)} -> 1
A109: 116 | B109: 37099313 | C109: 1862 | D109: 34999032089 | H109: g.caba | I109: prevencion de la ciudad | M109: Monotributista | N109: 44256 | O109: =YEAR(NOW())-YEAR(N109) -> 4 | Q109: {=XLOOKUP(C109,fichas_pdf[ap],fichas_pdf[tiene],"no tiene en pdf",0,1)} -> no tiene en pdf
A110: 118 | B110: 44963800 | C110: 2680 | D110: 34999032089 | H110: g.caba | I110: prevencion de la ciudad | M110: Monotributista | O110: =YEAR(NOW())-YEAR(N110) -> 126 | Q110: {=XLOOKUP(C110,fichas_pdf[ap],fichas_pdf[tiene],"no tiene en pdf",0,1)} -> 1
A111: 119 | B111: 19063150 | C111: 996 | D111: 34999032089 | H111: g.caba | I111: prevencion de la ciudad | M111: Monotributista | N111: 42948 | O111: =YEAR(NOW())-YEAR(N111) -> 8 | Q111: {=XLOOKUP(C111,fichas_pdf[ap],fichas_pdf[tiene],"no tiene en pdf",0,1)} -> no tiene en pdf
A112: 121 | B112: 38838668 | C112: 1970 | D112: 34999032089 | H112: g.caba | I112: prevencion de la ciudad | M112: Monotributista | N112: 44774 | O112: =YEAR(NOW())-YEAR(N112) -> 3 | Q112: {=XLOOKUP(C112,fichas_pdf[ap],fichas_pdf[tiene],"no tiene en pdf",0,1)} -> 1
A113: 122 | B113: 31624543 | C113: 1365 | D113: 34999032089 | H113: g.caba | I113: prevencion de la ciudad | M113: Monotributista | N113: 43100 | O113: =YEAR(NOW())-YEAR(N113) -> 8 | P113: 0 | Q113: {=XLOOKUP(C113,fichas_pdf[ap],fichas_pdf[tiene],"no tiene en pdf",0,1)} -> 1
A114: 123 | B114: 29400848 | C114: 2340 | D114: 34999032089 | H114: g.caba | I114: prevencion de la ciudad | M114: Monotributista | O114: =YEAR(NOW())-YEAR(N114) -> 126 | Q114: {=XLOOKUP(C114,fichas_pdf[ap],fichas_pdf[tiene],"no tiene en pdf",0,1)} -> 1
A115: 124 | B115: 31575604 | C115: 1004 | D115: 34999032089 | H115: g.caba | I115: prevencion de la ciudad | M115: Monotributista | N115: 43009 | O115: =YEAR(NOW())-YEAR(N115) -> 8 | Q115: {=XLOOKUP(C115,fichas_pdf[ap],fichas_pdf[tiene],"no tiene en pdf",0,1)} -> 1
A116: 125 | B116: 95040589 | C116: 180 | D116: 34999032089 | H116: g.caba | I116: prevencion de la ciudad | M116: Monotributista | N116: 42615 | O116: =YEAR(NOW())-YEAR(N116) -> 9 | Q116: {=XLOOKUP(C116,fichas_pdf[ap],fichas_pdf[tiene],"no tiene en pdf",0,1)} -> no tiene en pdf
A117: 126 | B117: 43624266 | C117: 3033 | D117: 34999032089 | H117: g.caba | I117: prevencion de la ciudad | M117: Monotributista | O117: =YEAR(NOW())-YEAR(N117) -> 126 | Q117: {=XLOOKUP(C117,fichas_pdf[ap],fichas_pdf[tiene],"no tiene en pdf",0,1)} -> no tiene en pdf
A118: 128 | B118: 43318554 | C118: 2351 | D118: 34999032089 | H118: g.caba | I118: prevencion de la ciudad | M118: Monotributista | N118: 44927 | O118: =YEAR(NOW())-YEAR(N118) -> 2 | Q118: {=XLOOKUP(C118,fichas_pdf[ap],fichas_pdf[tiene],"no tiene en pdf",0,1)} -> 1
A119: 130 | B119: 34436156 | C119: 1917 | D119: 34999032089 | H119: g.caba | I119: prevencion de la ciudad | M119: Monotributista | O119: =YEAR(NOW())-YEAR(N119) -> 126 | Q119: {=XLOOKUP(C119,fichas_pdf[ap],fichas_pdf[tiene],"no tiene en pdf",0,1)} -> no tiene en pdf
A120: 131 | B120: 39200084 | C120: 1662 | D120: 34999032089 | H120: g.caba | I120: prevencion de la ciudad | M120: Monotributista | N120: 43556 | O120: =YEAR(NOW())-YEAR(N120) -> 6 | P120: 1 | Q120: {=XLOOKUP(C120,fichas_pdf[ap],fichas_pdf[tiene],"no tiene en pdf",0,1)} -> no tiene en pdf
...

Sheet fichas_pdf
A1: ap | B1: apellido | C1: nombre | D1: tiene
A2: 275 | B2: Amaya | C2: MarielaCecilia | D2: 1
A3: 444 | B3: Aranda | C3: Natalia | D3: 1
A4: 527 | B4: Olayiña | C4: Laly | D4: 1
A5: 543 | B5: Rodriguez | C5: Paola | D5: 1
A6: 560 | B6: FerroRodriguez | C6: MariaElena | D6: 1
A7: 754 | B7: FelipeLima | C7: Aidee | D7: 1
A8: 769 | B8: Gonzalez | C8: Agostina | D8: 1
A9: 773 | B9: Grillo | C9: Viviana | D9: 1
A10: 909 | B10: GutierrezQuispe | C10: Grisela | D10: 1
A11: 941 | B11: Martinez | C11: Raquel | D11: 1
A12: 1004 | B12: Quiroga | C12: Claudio | D12: 1
A13: 1023 | B13: Romero | C13: Irina | D13: 1
... A91: 2177 | B91: Espinoza | C91: Camila | D91: 1
A92: XXXX | B92: FigueroaNarvaez | C92: Brigitte | D92: 1
A93: XXXX | B93: Martinez | C93: Debora | D93: 1
A94: 1124 | B94: Palacio | C94: Gustavo | D94: 1
A95: XXXX | B95: Quevedo | C95: Camila | D95: 1
A96: XXXX | B96: Raed | C96: Walter | D96: 1

Sheet Hoja 11
A1: Apellido/s nombre/s | B1: AP | C1: Teléfono de contacto | D1: Cuando ingreso a prevención | E1: ¿En que comuna esta tu sendero? | F1: Apellido/s y Nombre/s hijo/a 1 | G1: D.n.i hijo/a 1 | H1: Fecha nacimiento hijo/a 1 | I1: Apellido/s y Nombre/s hijo/a 2 | J1: D.n.i hijo/a 2 | K1: Fecha nacimiento hijo/a 2 | L1: Apellido/s y Nombre/s hijo/a 3 | M1: D.n.i hijo/a 3 | N1: Fecha nacimiento hijo/a 3 | O1: Apellido/s y Nombre/s hijo/a 4 | P1: D.n.i hijo/a 4 | Q1: Fecha nacimiento hijo/a 4 | R1: Apellido/s y Nombre/s hijo/a 5 | S1: D.n.i hijo/a 5 | T1: Fecha nacimiento hijo/a 5 | U1: Apellido/s y Nombre/s hijo/a 6 | V1: D.n.i hijo/a 6 | W1: Fecha nacimiento hijo/a 6 | X1: Apellido/s y Nombre/s hijo/a 7 | Y1: D.n.i hijo/a 7 | Z1: Fecha nacimiento hijo/a 7
A2: Quispe Coronado José Luis | B2: 180 | C2: 1160531098 | D2: 42655 | E2: Comuna. 8 | F2: Quispe Rivadeneyra Matilda Aylen | G2: 55389451 | H2: 42398 | I2: . | J2: .
A3: Amaya mariela | B3: 275 | C3: 1126921416 | D3: 42884 | E3: Bolivar | F3: Victoria otero | G3: 53171566 | H3: 41358
A4: Serrano natalia | B4: 413 | C4: 1124773534 | D4: 42884 | E4: 12 | F4: Morano Sofia | G4: 50289508 | H4: 40276
A5: Aranda Natalia | B5: 444 | C5: 1156294264 | D5: 42917 | E5: Comuna 8 sendero jumbo | F5: Falcon Sofia | G5: 49002653 | H5: 39879 | I5: Falcon Santino | J5: 54185111 | K5: 41872
A6: Obredor romina natalia | B6: 526 | C6: 1136983612 | D6: 42921 | E6: 8 | F6: Bautista zuriel muñoz obredor | G6: 49701830 | H6: 40030 | I6: Ciro heber muñoz obredor | J6: 54100632 | K6: 41815
A7: Paola Rodriguez | B7: 543 | C7: 1130404995 | D7: 42919 | E7: 5 | F7: Rodriguez Etter , Morena Ariana | G7: 50156592 | H7: 40234
A8: Crespin Daniela | B8: 740 | C8: 1124302371 | D8: 42950 | E8: 8 | F8: Álvarez Malena | G8: 50501211 | H8: 40433
A9: Felipe lima Aidee Deysi | B9: 754 | C9: 1128666648 | D9: 42954 | E9: 14 | F9: Flores Daiara celeste | G9: 49002705 | H9: 39910 | I9: Flores sheila azul | J9: 50289552 | K9: 40537 | L9: Flores Camilo Ian | M9: 56385774 | N9: 42893
A10: González Agostina | B10: 769 | C10: 1141633096 | D10: 42948 | E10: 1 | F10: Martinez, Eren Lionel | G10: 54792550 | H10: 42108 | I10: Martinez, Gala Isabella | J10: 58026189 | K10: 43766 | L10: Martinez, Noah Federico | M10: 58873165 | N10: 44361
A11: Gutierrez Quispe Grisela | B11: 909 | C11: 1124936411 | D11: 42954 | E11: 7 | F11: Lizarraga Gutierrez Adriana Grisel | G11: 95189739 | H11: 46148 | I11: Lizarraga Gutierrez Mariana Dail | J11: 95189738 | K11: 39336 | L11: Lizarraga Gutierrez Leonardo Jhoel | M11: 95189737 | N11: 40095 | O11: Lizarraga Gutierrez Gonzalo Marino | P11: 53649865 | Q11: 41651
A12: Pineda Mongelos Sindy Kathiana | B12: 996 | C12: 1138863933 | D12: 42951 | E12: Comuna15 | F12: Gómez Pineda Sofía Ailén | G12: 48463113 | H12: 39475 | I12: Gómez Pineda Selene Antonella | J12: 50437489 | K12: 40381
A13: Romero irina | B13: 1023 | C13: 1165037377 | D13: 42948 | E13: Comuna 7 | F13: Franco romero uma | G13: 49008586 | H13: 39710 | I13: Gonzalez lionel | K13: 45435
A14: Uriarte Romina Maria Lujan | B14: 1065 | C14: 1156952628 | D14: 42948 | E14: 6 | F14: Romero Bautista Tomas | G14: 50288520 | H14: 40303
A15: Sinchicay, Nelida | B15: 1142 | C15: 1130700402 | D15: 42954 | E15: Comuna 8 | F15: Jacquet Sinchicay, Alejo | G15: 54699167 | H15: 42117
A16: Claudio Servando Salazar | B16: 1234 | C16: 1161708518 | D16: 43164 | E16: 1 | F16: Briana Naomi Salazar rios | G16: 59738820 | H16: 45030
A17: Linos Dolores del Carmen | B17: 1536 | C17: 1166665806 | D17: 43405 | E17: Comuna 3 | F17: Gimenez Gonzalo Lionel | G17: 50678363 | H17: 40455 | I17: Gimenez Valentina | J17: 52656821 | K17: 41121
A18: Portillo Lucrecia isabel | B18: 1597 | C18: 1168039045 | D18: 43497 | E18: 1 | F18: Mara Valentina Cruz | G18: 70.264.168 | H18: 45336
A19: Ferrari Brenda | B19: 1644 | C19: 1139323687 | D19: 43525 | E19: 8 | F19: Pérez Ferrari Renata | G19: 53653388 | H19: 41641
A20: Fernando Figueroa | B20: 1645 | C20: 1125475896 | D20: 43537 | E20: 10 | F20: Isaac Emmanuel Figueroa | G20: 58295780 | H20: 43946
A21: Martin Nicole | B21: 1657 | C21: 1124014213 | D21: 43525 | E21: 11 | F21: Olivia Renata Gomez Martin | G21: 55761712 | H21: 42604
A22: Siles Romina Leticia | B22: 1665 | C22: 1168069316 | D22: 29196 | E22: Comuna 9 | F22: --------' | G22: -----------' | I22: ------- | J22: --------
A23: Iglesias Jaeger Sofía Tamara | B23: 1683 | C23: 1121759987 | D23: 43586 | E23: 9 | F23: Olas Benjamín Román | G23: 51267277 | H23: 40728
A24: Machado Sotomayor Sandra | B24: 1736 | C24: 1162777192 | D24: 43678 | E24: C1 | F24: Dillon Liam | G24: 55167991 | H24: 42354
A25: Benítez Lucas | B25: 1753 | C25: 1169603036 | D25: 43754 | E25: 8 | F25: Benítez Veiga Zeus Leónidas | G25: 54299563 | H25: 41910 | I25: Benítez Veiga Zoe Leila | J25: 57477622 | K25: 43505
A26: Navarro Elizabeth | B26: 1768 | C26: 1122973101 | D26: 43727 | E26: 9 | F26: Touze Navarro Thiago Uriel | G26: 47867049 | H26: 39172 | I26: Figueredo Navarro Valentino Gael | J26: 59553145 | K26: 45165
A27: Silva Luciana Belen | B27: 1777 | C27: 1137587184 | D27: 43748 | E27: 8 | F27: Ferrante Silva Tiziano Gabriel | G27: 54631191 | H27: 42067
A28: López Julieta | B28: 1873 | C28: 1156201540 | D28: 44319 | E28: 3 | F28: Benítez Bruno Agustín | G28: 54055608 | H28: 41808 | I28: Benítez López Leonardo Joaquín | J28: 56052831 | K28: 42763
A29: Benítez miriagly | B29: 1919 | C29: 1138122802 | D29: 44666 | E29: 8 | F29: Andrés Eduardo Luis Benitez | G29: 95765873 | H29: 38763
A30: Dugour Cecilia Paola | B30: 1931 | C30: 1141697938 | D30: 44683 | E30: 6 | F30: Dugour Santiago | G30: 47170109
A31: Perez fernanda | B31: 1953 | C31: 1126573366 | D31: 44703 | E31: Balvanera | F31: Roldan perez matias leonel | G31: 52768578 | H31: 41242
A32: Proz Magali Nahir | B32: 1970 | C32: 1138958145 | D32: 44490 | E32: Comuna 3 | F32: Gómez Proz Zoe Morella | G32: 54352952 | H32: 41936
A33: Nieva, Alcira del Valle | B33: 1978 | C33: 1557802702 | D33: 44809 | E33: Comuna 1 | F33: Delgadillo Nieva, Luciano Sandro | G33: 51576533 | H33: 40903
A34: López Lilian | B34: 1989 | C34: 1151065312 | D34: 44743 | E34: 5 | F34: Gonzalez Lopez Dafne Xiomara | G34: 54519818 | H34: 42015 | I34: Gonzalez López Jana Naylen | J34: 55885848 | K34: 42680
A35: Araujo Jesica Mabel | B35: 2005 | C35: 1156602116 | D35: 44900 | E35: Comuna 8 | F35: Glavovich Zamira Agostina | G35: 55990157 | H35: 42745
A36: Villegas Oscar | B36: 2043 | C36: 1127563862 | D36: 44872 | E36: Comuna 1 | F36: Villegas Centurión Aarón Zaid | G36: 55696264 | H36: 42576 | I36: Villegas Centurión Martina Antonella | J36: 56992871 | K36: 43170
A37: Acosta Gladys Natalia | B37: 2096 | C37: 1153412891 | D37: 45020 | E37: 1 | F37: Martinez Alma Francesca | G37: 57515739 | H37: 43478
A38: González Paola yanet | B38: 2124 | C38: 1126259891 | D38: 45028 | E38: Comuna 13 | F38: Abregu Lionel benjamin | G38: 56197666 | H38: 43032 | I38: Abregu emily Antonella | J38: 70487044 | K38: 45672
A39: Morales llanos camila marisol | B39: 2136 | C39: 1151415767 | D39: 45021 | E39: 7 | F39: Rodríguez Morales Valentina priscila | G39: 70360614 | H39: 45511 | I39: Rodríguez Morales Julieta Luciana | J39: 70360613 | K39: 45511
A40: Noseda María Belén | B40: 2137 | C40: 1165018528 | D40: 44991 | E40: Comuna 12 | F40: Comerci Helena | G40: 58.492.812 | H40: 43969
A41: Acosta Belén | B41: 2166 | C41: 1128788904 | D41: 44991 | E41: Comuna 8 | F41: Retamozo Milena | G41: 56664434 | H41: 43052
A42: Espindola Romina Soledad | B42: 2177 | C42: 1139199525 | D42: 44990 | E42: Comuna 1 | F42: Alcaraz Espindola Lautaro Ignacio | G42: 54215352 | H42: 41894 | I42: Alcaraz Espindola Guadalupe Milagros | J42: 56784336 | K42: 43162 | L42: Alcaraz Espindola Francisco Javier | M42: 59558000 | N42: 44851
A43: Acosta Mayra yanina | B43: 2201 | C43: 1167466625 | D43: 44670 | E43: 8 | F43: Basil tahiel bastian | G43: 51344771 | H43: 40777
A44: Galeano Carla Antonella | B44: 2275 | C44: 1122416811 | D44: 45005 | E44: Comuna 3 | F44: Galeano casciotta Tiziano Ignacio Fabián | G44: 55869445 | H44: 42658 | I44: Galeano Cataleya Aitana naomi | J44: 59693785 | K44: 44945
A45: Nogueira Diego marcelo | B45: 2323 | C45: 1140450018 | D45: 45000 | E45: 9 | F45: Nogueira ludmila avril | G45: 48677298 | H45: 39559 | I45: Nogueira bautista Ezequiel | J45: 54190306 | K45: 41885
A46: Pentrelli Vanesa | B46: 2333 | C46: 1131113453 | D46: 44635 | E46: 7 | F46: Costilla Rodrigo | G46: 48239121 | H46: 39364 | I46: Costilla Lautaro | J46: 53085021 | K46: 41387
A47: Quintero Natalia | B47: 2340 | C47: 1161636711 | D47: 45005 | E47: Comuna 10 | F47: Galeazi Quintero Valentina | G47: 57094406 | H47: 43295
A48: Ruiz Daiana belen | B48: 2355 | C48: 1122633161 | D48: 44998 | E48: Comuna 2 | F48: Bruno mateo Gómez ruiz | G48: 54456499 | H48: 41988 | I48: Luz Annabel Gómez Ruiz | J48: 55864790 | K48: 42645
A49: Vallejos Cristian | B49: 2379 | C49: 1131986676 | D49: 45005 | E49: 5 | F49: Isabella Vallejos Rivera | G49: 70334995 | H49: 45439 | I49: Enzo Gael Vallejos Rivera | J49: 70334996 | K49: 45439 | L49: Francesca Vallejos Rivera | M49: 70334997 | N49: 45439
A50: Farias tamara | B50: 2457 | C50: 1134625079 | D50: 45024 | E50: 13 | F50: Sandoval Delfina | G50: 57172279 | H50: 43316
A51: Tamara farias | B51: 2457 | C51: 1134625079 | D51: 45024 | E51: 13 | F51: Delfina Sandoval | G51: 57172279 | H51: 43316
A52: Gaston Herrera | B52: 2479 | C52: 1161475869 | D52: 45020 | E52: Comuna 9 | F52: Herrera Benjamin | G52: 53815519 | H52: 41746 | I52: Herrera Emilia | J52: 58950571 | K52: 44373
A53: León sonco rossmery | B53: 2487 | C53: 1158241004 | D53: 45007 | E53: 4 | F53: Sofía morote león | G53: 53301831 | H53: 41461 | I53: Avril.morote leon | J53: 55161019 | K53: 42294
A54: Llanos Coro Mariela Jeanette | B54: 2488 | C54: 1131343703 | D54: 45019 | E54: Comuna 9 | F54: Casimiro Llanos Thania Sabrina | G54: 56029621 | H54: 42734
A55: Melgarejo Gabriela | B55: 2500 | C55: 1137620804 | D55: 45026 | E55: Comuna 8 | F55: Melgarejo Bastian | G55: 52721749 | H55: 45630
A56: Chader Noelia | B56: 2611 | C56: 1133061251 | D56: 45047 | E56: 13 | F56: Della sala Thiago | G56: 53948981 | H56: 41738
A57: Matta Daniela | B57: 2660 | C57: 1138279435 | D57: 45076 | E57: 9 | F57: Cáceres Ciro Daniel | G57: 54302083 | H57: 41926 | I57: Cáceres Micaela Abril | J57: 46209601 | K57: 38293
A58: Rocha Micaela | B58: 2698 | C58: 1150272511 | D58: 45079 | E58: 4 | F58: Alma Villalba | G58: 58814107 | H58: 44310
A59: Alegre daniela | B59: 2737 | C59: 1153205634 | D59: 44743 | E59: Comuna 8 | F59: Torres oriana ailen | G59: 54881018 | H59: 42177
A60: Altamiranda Solange Macarena | B60: 2738 | C60: 3856098267 | D60: 45110 | E60: 8 | F60: Borges Juan Carlos Miguel | G60: 1 | H60: 41886
A61: Aranda Elva Patricia | B61: 2741 | C61: 2255620898 | D61: 45078 | E61: Comuna 9 | F61: Marconi tiziana nicole | G61: 49627459 | H61: 40035 | I61: Marconi Bautista Román | J61: 51358581 | K61: 40793 | L61: Marconi Bastián león | M61: 54828909 | N61: 42192
A62: Barriento Daniela Giselle | B62: 2746 | C62: 1127445232 | D62: 45111 | E62: Comuna 5 | F62: Monasterios Gael José | G62: 54.525.502 | H62: 42057
A63: Fernandez Florencia Soledad | B63: 2776 | C63: 1164297376 | D63: 45111 | E63: Comuna 1 | F63: Davalos Fernandez Ulises Ciro | G63: 57651273 | H63: 43572
A64: García María Belén | B64: 2785 | C64: 1150235407 | D64: 45082 | E64: 14 | F64: García Joaquín Ariel | G64: 52770230 | H64: 41184 | I64: Sabalza Mía Brunella | J64: 58454941 | K64: 44048
A65: Garrido Veronica | B65: 2786 | C65: 1166446180 | D65: 45114 | E65: 7 | F65: Tolosa theo | G65: 55818130 | H65: 42645
A66: Ruiz Lucía Yamila | B66: 2849 | C66: 1126744764 | D66: 45078 | E66: 7 | F66: Cortez Bautista | G66: 58050642 | H66: 43810
A67: Agostina Lucía Tenrreiro | B67: 2860 | C67: 1125290644 | D67: 45082 | E67: 3 | F67: Indiana Paz Velázquez Tenrreiro | G67: 58499091 | H67: 44065
A68: Barzi Yanina Elizabeth | B68: 2882 | C68: 1131183191 | D68: 45082 | E68: Comuna 11 | F68: Robledo Emir Natanael | G68: 48677489 | H68: 39568
A69: Coronel Alejandra Noemí | B69: 2883 | C69: 1123010362 | D69: 45082 | E69: 8 t.mañana | F69: Coronel Adrian Ezequiel | G69: 50274773 | H69: 40352 | I69: Lencina coronel Jocelyn loreley | J69: 53284625 | K69: 41459 | L69: Lencina coronel Giovanny | M69: 57110490 | N69: 43296
A70: Amaya erika | B70: 2914 | C70: 1127191780 | D70: 45140 | E70: 8 | F70: Sampietro derek | G70: 58254918 | H70: 43954 | I70: Sampietro zoe | J70: 59036365 | K70: 44469
A71: Baez Moreno Ornella Bianca | B71: 2924 | C71: 1141439746 | D71: 45141 | E71: Comuna 4 | F71: Chuquel Baez Bianca Danae | G71: 53814583 | H71: 41719 | I71: Chuquel Baez Elias Nazareno | J71: 55180992 | K71: 42350
A72: Godoy abril sathya | B72: 2977 | C72: 1130678130 | D72: 45114 | E72: 10 | F72: Godoy Bautista emir | G72: 58.451.110 | H72: 44023
A73: Lutte Elisabet Cristal | B73: 3008 | C73: 1138986171 | D73: 45139 | E73: Villa Lugano | F73: Del monte Pedro Francisco | G73: 58.253.568 | H73: 43929
A74: Mónaco Agustina | B74: 3018 | C74: 1145289291 | D74: 45140 | E74: 4 | F74: Mónaco emanuel milo | H74: 44245
A75: Riquelme Brenda Macarena | B75: 3037 | C75: 1150540579 | D75: 45139 | E75: 1 | F75: Rios Elizabeth Venecia | G75: 70494044 | H75: 45620
A76: Alvarez Robledo Georgina Emperatriz | B76: 3095 | C76: 1134798486 | D76: 45168 | E76: Comuna 14 | F76: Leiva Alvarez Taiz natanaela | G76: 54999410 | H76: 42223
A77: Barrientos Maidana Yessica Tamara | B77: 3102 | C77: 1131419889 | D77: 45167 | E77: Comuna 3 | F77: Barrientos Julieta | G77: 56885748 | H77: 43100
A78: Carrizo marcela | B78: 3114 | C78: 1126872384 | D78: 45170 | E78: Comuna 14 | F78: Carrizo munaylla milo Valentin | G78: 55692658 | H78: 42573
A79: Cruz Fernando Emanuel | B79: 3131 | C79: 1164555605 | D79: 45170 | E79: 14 | F79: Mia Ayelen Cruz | G79: 48231795 | H79: 39373 | I79: Agustín Emanuel Cruz | J79: 55270777 | K79: 42366
A80: Melgarejo viviana | B80: 3185 | C80: 1168243462 | D80: 45168 | E80: Comuna 13 | F80: Grosso alma | G80: 48715443 | H80: 39581 | I80: Grosso mia | J80: 51140548 | K80: 40817 | L80: Grosso brisa | M80: 54386305 | N80: 41942
A81: Nieva victoria daniela | B81: 3192 | C81: 1171223532 | D81: 45168 | E81: 7 | F81: Cáceres Nahitan Federico | G81: 58060186 | H81: 43851
A82: Ortiz marina Elizabeth | B82: 3199 | C82: 1131269652 | D82: 45137 | E82: 4 | F82: Federico esteban Suárez Ortiz | G82: 48446084 | H82: 39469 | I82: Santiago eliam ortiz | J82: 57018907 | K82: 43220
A83: Rincovich Rocio | B83: 3213 | C83: 1150058065 | D83: 45167 | E83: 1 | F83: Lezcano Malena | G83: 56417772 | H83: 42959
A84: Vertz Carina Alejandra | B84: 3240 | C84: 1136311327 | D84: 45138 | E84: Comuna 8 | F84: Valdez Franco Nahuel | G84: 51221884 | H84: 40757
A85: Luna Sabrina Soledad | B85: 938 | C85: 1126538300 | D85: 42948 | E85: 9 | F85: Bohmwetsch Maia Jazmin | G85: 50322706 | H85: 40312
A86: Martinez Raquel fernanda | B86: 941 | C86: 1123163394 | D86: 42948 | E86: 7 | F86: Martinez Nayla Nicoln | G86: 57382227 | H86: 43410
A87: Josefina Brito Carranza | B87: 2753 | C87: 1144069970 | D87: 45078 | E87: 14 | F87: Santino Olivera Brito | G87: 55480259 | H87: 42444
A88: Romina Soledad Espindola | B88: 2177 | C88: 1139199525 | D88: 44624 | E88: Comuna 1 | F88: Lautaro ignacio Alcaraz | G88: 54215352 | H88: 41894 | I88: Guadalupe Milagros Alcaraz | J88: 56784336 | K88: 43134 | L88: Francisco Javier Alcaraz | M88: 59558000 | N88: 44851
A89: Hermida Vanesa karina | B89: 576 | C89: 1134211980 | D89: 42887 | E89: comuna 4 | F89: Hermida Sofía Oriana | G89: 49087221 | H89: 39773
A90: Fernandez Florencia Soledad | B90: 2776 | C90: 1164297376 | D90: 45111 | E90: Comuna 1 | F90: Davalos Fernandez Ulises Ciro | G90: 57651273 | H90: 43572
A91: Lugones Nadia Mariela | B91: 1990 | C91: 1125392309 | D91: 44805 | E91: 13 | F91: González Lugones Christian Ángel | G91: 49191598 | H91: 39806 | J91: - | L91: - | M91: -
A92: Fanola Zambrana Needa Widad | B92: 2263 | C92: 1165288370 | D92: 44986 | E92: 8 | F92: Fanola Zambrana Lael Agustín | G92: 55865617 | H92: 42629
A93: Martin Nicole | B93: 1657 | C93: 1124014213 | D93: 43525 | E93: 11 | F93: Olivia Renata Gomez Martin | G93: 55761712 | H93: 42604
A94: Escalante sara | B94: 2963 | C94: 1131462409 | D94: 45139 | E94: C1 | F94: López ailin | G94: 53.739.554 | H94: 41666
A95: Perez fernanda | B95: 1953 | C95: 1126573366 | D95: 44700 | E95: Comuna 3 | F95: Roldan perez matias leonel | G95: 52768578 | H95: 41242

Sheet aux_BD_Delegados
A1: id: | B1: clave_foranea: | C1: Inicio mandato | D1: En Actividad | E1: Años mandato | F1: Observaciones
A2: 1 | B2: 25379033 | C2: 45078 | D2: 1 | E2: =IF(D2 = 1,YEAR(NOW())-YEAR(C2),"fin mandato") -> 2
A3: 2 | B3: 95102089 | C3: 45079 | D3: 1 | E3: =IF(D3 = 1,YEAR(NOW())-YEAR(C3),"fin mandato") -> 2
A4: 3 | B4: 29064893 | C4: 45080 | D4: 1 | E4: =IF(D4 = 1,YEAR(NOW())-YEAR(C4),"fin mandato") -> 2
A5: 4 | B5: 37388128 | C5: 45081 | D5: 1 | E5: =IF(D5 = 1,YEAR(NOW())-YEAR(C5),"fin mandato") -> 2
A6: 5 | B6: 22826482 | C6: 45082 | D6: 1 | E6: =IF(D6 = 1,YEAR(NOW())-YEAR(C6),"fin mandato") -> 2
A7: 6 | B7: 29319005 | C7: 45083 | D7: 1 | E7: =IF(D7 = 1,YEAR(NOW())-YEAR(C7),"fin mandato") -> 2
A8: 7 | B8: 31703988 | C8: 45084 | D8: 1 | E8: =IF(D8 = 1,YEAR(NOW())-YEAR(C8),"fin mandato") -> 2 | F8: comuna
A9: 8 | B9: 30455729 | C9: 45085 | D9: 1 | E9: =IF(D9 = 1,YEAR(NOW())-YEAR(C9),"fin mandato") -> 2
A10: 9 | B10: 34583817 | C10: 45086 | D10: 1 | E10: =IF(D10 = 1,YEAR(NOW())-YEAR(C10),"fin mandato") -> 2
A11: 10 | B11: 40239878 | C11: 45087 | D11: 1 | E11: =IF(D11 = 1,YEAR(NOW())-YEAR(C11),"fin mandato") -> 2
A12: 11 | B12: 30465419 | C12: 45088 | D12: 1 | E12: =IF(D12 = 1,YEAR(NOW())-YEAR(C12),"fin mandato") -> 2
A13: 12 | B13: 37099313 | C13: 45089 | D13: 1 | E13: =IF(D13 = 1,YEAR(NOW())-YEAR(C13),"fin mandato") -> 2
A14: 13 | B14: 21365112 | C14: 45090 | D14: 1 | E14: =IF(D14 = 1,YEAR(NOW())-YEAR(C14),"fin mandato") -> 2
A15: 14 | B15: 31164406 | C15: 45091 | D15: 1 | E15: =IF(D15 = 1,YEAR(NOW())-YEAR(C15),"fin mandato") -> 2
A16: 15 | B16: 33250656 | C16: 45092 | D16: 1 | E16: =IF(D16 = 1,YEAR(NOW())-YEAR(C16),"fin mandato") -> 2
A17: 16 | B17: 24033237 | C17: 45093 | D17: 1 | E17: =IF(D17 = 1,YEAR(NOW())-YEAR(C17),"fin mandato") -> 2

Sheet conyuges
A1: id: | B1: Clave_foranea: | C1: Nombre y Apellido: | D1: D.n.i: | E1: Fecha de Nacimiento:
A2: 1 | B2: 21726330
A3: 2 | B3: 32436304
A4: 3 | B4: 31963497
A5: 4 | B5: 25379033 | C5: otero gustavo | D5: 13801311 | E5: 21972
A6: 5 | B6: 38184089
A7: 6 | B7: 38894668
A8: 7 | B8: 39114453
A9: 8 | B9: 26678242
A10: 9 | B10: 42012262
A11: 10 | B11: 33155103
A12: 11 | B12: 35538835
A13: 12 | B13: 93996095
A14: 13 | B14: 94842492
A15: 14 | B15: 95102089 | C15: julio cesar maidana | D15: 18473969 | E15: 24764
A16: 15 | B16: 95189729
A17: 16 | B17: 20009014 | E17: 0
A18: 17 | B18: 29635937 | C18: jorge botenstein | D18: 17107105 | E18: 23620
A19: 18 | B19: 39471585 | C19: almada roque noberto | D19: 13965388 | E19: 21802
A20: 19 | B20: 43817038
A21: 20 | B21: 44486458
A22: 21 | B22: 36685920
A23: 22 | B23: 25060598
A24: 23 | B24: 31896263
A25: 24 | B25: 32554313
A26: 25 | B26: 40241420 | C26: rodrigo galeano | D26: 36359917 | E26: 33414
A27: 26 | B27: 33905319
A28: 27 | B28: 31302984
A29: 28 | B29: 34423850
A30: 29 | B30: 32616368
A31: 30 | B31: 42498064
A32: 31 | B32: 43241630
A33: 32 | B33: 30440348
A34: 33 | B34: 30211914 | C34: cristian trapani | D34: 33719240 | E34: 32262
A35: 34 | B35: 40873767 | C35: ruben baez | D35: 2889177 | E35: 30861
A36: 35 | B36: 94075255 | C36: hector antonio velazavez | D36: 92996350 | E36: 28789
A37: 36 | B37: 29064893 | C37: sandra navarro | D37: no dato | E37: 30010
A38: 37 | B38: 39294750
A39: 38 | B39: 37388128
A40: 39 | B40: 36848082
A41: 40 | B41: 31403780
A42: 41 | B42: 41917769
A43: 42 | B43: 22826482
A44: 43 | B44: 37060301
A45: 44 | B45: 21130792
A46: 45 | B46: 24033237
A47: 46 | B47: 22656778
A48: 47 | B48: 35353668
A49: 48 | B49: 22982124
... A223: 223 | B223: 36407500
A224: 224 | B224: 35181182 | C224: yanina giselle ruiz | D224: 371137561 | E224: 33908

Sheet padron_prevecion
A1: comentarios VERO | B1: comentarios VERO1 | C1: id | D1: Relacion de Dependencia | E1: Delegados | F1: Afiliados: | G1: AP | H1: Ingreso a Prevención | I1: Años de actividad: | J1: DNI | K1: Fecha de Nacimiento | L1: Menores a Cargo | M1: kit-1 | N1: kit-2 | O1: kit-3 | P1: kit-4 | Q1: cantidad de kits | R1: Celular Particular | S1: Email | T1: esta_grupo_upcn | U1: renucio | V1: tiene_ficha_pdf
C2: =datos_personales[id:] -> 21726330 | D2: {=XLOOKUP(C2,datos_laborales[clave_foranea],datos_laborales[Relacion de Dependencia],"dato no encontrado",0,1)} -> planta permanente | E2: {=XLOOKUP(C2,datos_delegados[clave_foranea:],datos_delegados[En Actividad]," ",0,1)} | F2: {=CONCATENATE(XLOOKUP(C2,datos_personales[id:],datos_personales[Apellido:],"no dato",0,1),", ",XLOOKUP(C2,datos_personales[id:],datos_personales[Nombre],"no dato",0,1))} -> battafarano, amelia andrea | G2: {=XLOOKUP(C2,datos_laborales[clave_foranea],datos_laborales[N° De Legajo],"no dato",0,1)} -> 127 | H2: {=XLOOKUP(C2,datos_laborales[clave_foranea], datos_laborales[Inicio Actividad:],"no dato",0,1)} -> 42767 | I2: {=XLOOKUP(C2,datos_laborales[clave_foranea],datos_laborales[Años en Actividad:],"no dato",0,1)} -> 8 | J2: {=XLOOKUP(C2,datos_personales[id:],datos_personales[D.n.i:],"no dato",0,1)} -> 21726330 | K2: {=XLOOKUP(C2,datos_personales[id:],datos_personales[Fecha Nacimiento:],"no dato",0,1)} -> 25771 | L2: =COUNTIF(hijos!B:B,C2) -> 1 | M2: =COUNTIFS(hijos!B:B,C2,hijos!I:I,1) -> 0 | N2: =COUNTIFS(hijos!B:B,C2,hijos!J:J,1) -> 0 | O2: =COUNTIFS(hijos!B:B,C2,hijos!K:K,1) -> 0 | P2: =COUNTIFS(hijos!B:B,C2,hijos!L:L,1) -> 1 | Q2: =SUM(M2:P2) -> 1 | R2: {=XLOOKUP(C2,datos_personales[id:],datos_personales[Tel. Contacto:],"no dato",0,1)} -> 1144271929 | S2: {=XLOOKUP(C2,datos_personales[id:],datos_personales[E-Mail:],"no dato",0,1)} -> andrius_1970@hotmail.com | T2: {=XLOOKUP(R2,telefonos_afiliados[numeros_loys],telefonos_afiliados[esta],"no esta",0,1)} -> no esta | U2: {=XLOOKUP(C2,datos_personales[id:],datos_laborales[renuncio],"no dato",0,1)} -> #N/A | V2: {=XLOOKUP(C2,datos_laborales[clave_foranea],datos_laborales[tiene_ficha_pdf],"no tiene ficha pdf",0,1)} -> no tiene en pdf
C3: =datos_personales[id:] -> 32436304 | D3: {=XLOOKUP(C3,datos_laborales[clave_foranea],datos_laborales[Relacion de Dependencia],"dato no encontrado",0,1)} -> monotributista | E3: {=XLOOKUP(C3,datos_delegados[clave_foranea:],datos_delegados[En Actividad]," ",0,1)} | F3: {=CONCATENATE(XLOOKUP(C3,datos_personales[id:],datos_personales[Apellido:],"no dato",0,1),", ",XLOOKUP(C3,datos_personales[id:],datos_personales[Nombre],"no dato",0,1))} -> arroyo, elizabeth beatriz | G3: {=XLOOKUP(C3,datos_laborales[clave_foranea],datos_laborales[N° De Legajo],"no dato",0,1)} -> 1575 | H3: {=XLOOKUP(C3,datos_laborales[clave_foranea], datos_laborales[Inicio Actividad:],"no dato",0,1)} -> 43536 | I3: {=XLOOKUP(C3,datos_laborales[clave_foranea],datos_laborales[Años en Actividad:],"no dato",0,1)} -> 6 | J3: {=XLOOKUP(C3,datos_personales[id:],datos_personales[D.n.i:],"no dato",0,1)} -> 32436304 | K3: {=XLOOKUP(C3,datos_personales[id:],datos_personales[Fecha Nacimiento:],"no dato",0,1)} -> 31527 | L3: =COUNTIF(hijos!B:B,C3) -> 0 | M3: =COUNTIFS(hijos!B:B,C3,hijos!I:I,1) -> 0 | N3: =COUNTIFS(hijos!B:B,C3,hijos!J:J,1) -> 0 | O3: =COUNTIFS(hijos!B:B,C3,hijos!K:K,1) -> 0 | P3: =COUNTIFS(hijos!B:B,C3,hijos!L:L,1) -> 0 | Q3: =SUM(M3:P3) -> 0 | R3: {=XLOOKUP(C3,datos_personales[id:],datos_personales[Tel. Contacto:],"no dato",0,1)} | S3: {=XLOOKUP(C3,datos_personales[id:],datos_personales[E-Mail:],"no dato",0,1)} -> elizabeth_arroyo25@hotmail.com | T3: {=XLOOKUP(R3,telefonos_afiliados[numeros_loys],telefonos_afiliados[esta],"no esta",0,1)} -> no esta | U3: {=XLOOKUP(C3,datos_personales[id:],datos_laborales[renuncio],"no dato",0,1)} -> #N/A | V3: {=XLOOKUP(C3,datos_laborales[clave_foranea],datos_laborales[tiene_ficha_pdf],"no tiene ficha pdf",0,1)} -> no tiene en pdf
C4: =datos_personales[id:] -> 31963497 | D4: {=XLOOKUP(C4,datos_laborales[clave_foranea],datos_laborales[Relacion de Dependencia],"dato no encontrado",0,1)} -> monotributista | E4: {=XLOOKUP(C4,datos_delegados[clave_foranea:],datos_delegados[En Actividad]," ",0,1)} | F4: {=CONCATENATE(XLOOKUP(C4,datos_personales[id:],datos_personales[Apellido:],"no dato",0,1),", ",XLOOKUP(C4,datos_personales[id:],datos_personales[Nombre],"no dato",0,1))} -> aranda, natalia veronica | G4: {=XLOOKUP(C4,datos_laborales[clave_foranea],datos_laborales[N° De Legajo],"no dato",0,1)} -> 444 | H4: {=XLOOKUP(C4,datos_laborales[clave_foranea], datos_laborales[Inicio Actividad:],"no dato",0,1)} -> 42948 | I4: {=XLOOKUP(C4,datos_laborales[clave_foranea],datos_laborales[Años en Actividad:],"no dato",0,1)} -> 8 | J4: {=XLOOKUP(C4,datos_personales[id:],datos_personales[D.n.i:],"no dato",0,1)} -> 31963497 | K4: {=XLOOKUP(C4,datos_personales[id:],datos_personales[Fecha Nacimiento:],"no dato",0,1)} -> 0 | L4: =COUNTIF(hijos!B:B,C4) -> 2 | M4: =COUNTIFS(hijos!B:B,C4,hijos!I:I,1) -> 0 | N4: =COUNTIFS(hijos!B:B,C4,hijos!J:J,1) -> 0 | O4: =COUNTIFS(hijos!B:B,C4,hijos!K:K,1) -> 1 | P4: =COUNTIFS(hijos!B:B,C4,hijos!L:L,1) -> 1 | Q4: =SUM(M4:P4) -> 2 | R4: {=XLOOKUP(C4,datos_personales[id:],datos_personales[Tel. Contacto:],"no dato",0,1)} -> 1156294264 | S4: {=XLOOKUP(C4,datos_personales[id:],datos_personales[E-Mail:],"no dato",0,1)} -> aranda_natalia@hotmail.com.ar | T4: {=XLOOKUP(R4,telefonos_afiliados[numeros_loys],telefonos_afiliados[esta],"no esta",0,1)} -> 1 | U4: {=XLOOKUP(C4,datos_laborales[id:],datos_laborales[renuncio],"no dato",0,1)} -> no dato | V4: {=XLOOKUP(C4,datos_laborales[clave_foranea],datos_laborales[tiene_ficha_pdf],"no tiene ficha pdf",0,1)} -> 1
C5: =datos_personales[id:] -> 25379033 | D5: {=XLOOKUP(C5,datos_laborales[clave_foranea],datos_laborales[Relacion de Dependencia],"dato no encontrado",0,1)} -> monotributista | E5: {=XLOOKUP(C5,datos_delegados[clave_foranea:],datos_delegados[En Actividad]," ",0,1)} -> 1 | F5: {=CONCATENATE(XLOOKUP(C5,datos_personales[id:],datos_personales[Apellido:],"no dato",0,1),", ",XLOOKUP(C5,datos_personales[id:],datos_personales[Nombre],"no dato",0,1))} -> amaya, mariela cecilia | G5: {=XLOOKUP(C5,datos_laborales[clave_foranea],datos_laborales[N° De Legajo],"no dato",0,1)} -> 275 | H5: {=XLOOKUP(C5,datos_laborales[clave_foranea], datos_laborales[Inicio Actividad:],"no dato",0,1)} -> 42884 | I5: {=XLOOKUP(C5,datos_laborales[clave_foranea],datos_laborales[Años en Actividad:],"no dato",0,1)} -> 8 | J5: {=XLOOKUP(C5,datos_personales[id:],datos_personales[D.n.i:],"no dato",0,1)} -> 25379033 | K5: {=XLOOKUP(C5,datos_personales[id:],datos_personales[Fecha Nacimiento:],"no dato",0,1)} -> 27877 | L5: =COUNTIF(hijos!B:B,C5) -> 1 | M5: =COUNTIFS(hijos!B:B,C5,hijos!I:I,1) -> 0 | N5: =COUNTIFS(hijos!B:B,C5,hijos!J:J,1) -> 0 | O5: =COUNTIFS(hijos!B:B,C5,hijos!K:K,1) -> 0 | P5: =COUNTIFS(hijos!B:B,C5,hijos!L:L,1) -> 1 | Q5: =SUM(M5:P5) -> 1 | R5: {=XLOOKUP(C5,datos_personales[id:],datos_personales[Tel. Contacto:],"no dato",0,1)} -> 1126921416 | S5: {=XLOOKUP(C5,datos_personales[id:],datos_personales[E-Mail:],"no dato",0,1)} -> marielaceciliaamaya@hotmail.com | T5: {=XLOOKUP(R5,telefonos_afiliados[numeros_loys],telefonos_afiliados[esta],"no esta",0,1)} -> no esta | U5: {=XLOOKUP(C5,datos_personales[id:],datos_laborales[renuncio],"no dato",0,1)} -> #N/A | V5: {=XLOOKUP(C5,datos_laborales[clave_foranea],datos_laborales[tiene_ficha_pdf],"no tiene ficha pdf",0,1)} -> 1
C6: =datos_personales[id:] -> 38184089 | D6: {=XLOOKUP(C6,datos_laborales[clave_foranea],datos_laborales[Relacion de Dependencia],"dato no encontrado",0,1)} -> monotributista | E6: {=XLOOKUP(C6,datos_delegados[clave_foranea:],datos_delegados[En Actividad]," ",0,1)} | F6: {=CONCATENATE(XLOOKUP(C6,datos_personales[id:],datos_personales[Apellido:],"no dato",0,1),", ",XLOOKUP(C6,datos_personales[id:],datos_personales[Nombre],"no dato",0,1))} -> amaya, erika elizabeth | G6: {=XLOOKUP(C6,datos_laborales[clave_foranea],datos_laborales[N° De Legajo],"no dato",0,1)} -> 2914 | H6: {=XLOOKUP(C6,datos_laborales[clave_foranea], datos_laborales[Inicio Actividad:],"no dato",0,1)} -> 45112 | I6: {=XLOOKUP(C6,datos_laborales[clave_foranea],datos_laborales[Años en Actividad:],"no dato",0,1)} -> 2 | J6: {=XLOOKUP(C6,datos_personales[id:],datos_personales[D.n.i:],"no dato",0,1)} -> 38184089 | K6: {=XLOOKUP(C6,datos_personales[id:],datos_personales[Fecha Nacimiento:],"no dato",0,1)} -> 0 | L6: =COUNTIF(hijos!B:B,C6) -> 2 | M6: =COUNTIFS(hijos!B:B,C6,hijos!I:I,1) -> 2 | N6: =COUNTIFS(hijos!B:B,C6,hijos!J:J,1) -> 0 | O6: =COUNTIFS(hijos!B:B,C6,hijos!K:K,1) -> 0 | P6: =COUNTIFS(hijos!B:B,C6,hijos!L:L,1) -> 0 | Q6: =SUM(M6:P6) -> 2 | R6: {=XLOOKUP(C6,datos_personales[id:],datos_personales[Tel. Contacto:],"no dato",0,1)} -> 1127191780 | S6: {=XLOOKUP(C6,datos_personales[id:],datos_personales[E-Mail:],"no dato",0,1)} | T6: {=XLOOKUP(R6,telefonos_afiliados[numeros_loys],telefonos_afiliados[esta],"no esta",0,1)} -> 1 | V6: no tiene en pdf
C7: =datos_personales[id:] -> 38894668 | D7: {=XLOOKUP(C7,datos_laborales[clave_foranea],datos_laborales[Relacion de Dependencia],"dato no encontrado",0,1)} -> monotributista | E7: {=XLOOKUP(C7,datos_delegados[clave_foranea:],datos_delegados[En Actividad]," ",0,1)} | F7: {=CONCATENATE(XLOOKUP(C7,datos_personales[id:],datos_personales[Apellido:],"no dato",0,1),", ",XLOOKUP(C7,datos_personales[id:],datos_personales[Nombre],"no dato",0,1))} -> alegre, daniela | G7: {=XLOOKUP(C7,datos_laborales[clave_foranea],datos_laborales[N° De Legajo],"no dato",0,1)} -> 2238 | H7: {=XLOOKUP(C7,datos_laborales[clave_foranea], datos_laborales[Inicio Actividad:],"no dato",0,1)} -> 45031 | I7: {=XLOOKUP(C7,datos_laborales[clave_foranea],datos_laborales[Años en Actividad:],"no dato",0,1)} -> 2 | J7: {=XLOOKUP(C7,datos_personales[id:],datos_personales[D.n.i:],"no dato",0,1)} -> 38894668 | K7: {=XLOOKUP(C7,datos_personales[id:],datos_personales[Fecha Nacimiento:],"no dato",0,1)} -> 34752 | L7: =COUNTIF(hijos!B:B,C7) -> 1 | M7: =COUNTIFS(hijos!B:B,C7,hijos!I:I,1) -> 0 | N7: =COUNTIFS(hijos!B:B,C7,hijos!J:J,1) -> 0 | O7: =COUNTIFS(hijos!B:B,C7,hijos!K:K,1) -> 1 | P7: =COUNTIFS(hijos!B:B,C7,hijos!L:L,1) -> 0 | Q7: =SUM(M7:P7) -> 1 | R7: {=XLOOKUP(C7,datos_personales[id:],datos_personales[Tel. Contacto:],"no dato",0,1)} -> 1153205634 | S7: {=XLOOKUP(C7,datos_personales[id:],datos_personales[E-Mail:],"no dato",0,1)} -> danielaoriana68@gmail.com | T7: {=XLOOKUP(R7,telefonos_afiliados[numeros_loys],telefonos_afiliados[esta],"no esta",0,1)} -> 1 | U7: {=XLOOKUP(C7,datos_laborales[id:],datos_laborales[renuncio],"no dato",0,1)} -> no dato | V7: no tiene en pdf
C8: =datos_personales[id:] -> 39114453 | D8: {=XLOOKUP(C8,datos_laborales[clave_foranea],datos_laborales[Relacion de Dependencia],"dato no encontrado",0,1)} -> monotributista | E8: {=XLOOKUP(C8,datos_delegados[clave_foranea:],datos_delegados[En Actividad]," ",0,1)} | F8: {=CONCATENATE(XLOOKUP(C8,datos_personales[id:],datos_personales[Apellido:],"no dato",0,1),", ",XLOOKUP(C8,datos_personales[id:],datos_personales[Nombre],"no dato",0,1))} -> ale, micaela ayelen | G8: {=XLOOKUP(C8,datos_laborales[clave_foranea],datos_laborales[N° De Legajo],"no dato",0,1)} -> 1572 | H8: {=XLOOKUP(C8,datos_laborales[clave_foranea], datos_laborales[Inicio Actividad:],"no dato",0,1)} -> 43500 | I8: {=XLOOKUP(C8,datos_laborales[clave_foranea],datos_laborales[Años en Actividad:],"no dato",0,1)} -> 6 | J8: {=XLOOKUP(C8,datos_personales[id:],datos_personales[D.n.i:],"no dato",0,1)} -> 39114453 | K8: {=XLOOKUP(C8,datos_personales[id:],datos_personales[Fecha Nacimiento:],"no dato",0,1)} -> 34957 | L8: =COUNTIF(hijos!B:B,C8) -> 0 | M8: =COUNTIFS(hijos!B:B,C8,hijos!I:I,1) -> 0 | N8: =COUNTIFS(hijos!B:B,C8,hijos!J:J,1) -> 0 | O8: =COUNTIFS(hijos!B:B,C8,hijos!K:K,1) -> 0 | P8: =COUNTIFS(hijos!B:B,C8,hijos!L:L,1) -> 0 | Q8: =SUM(M8:P8) -> 0 | R8: {=XLOOKUP(C8,datos_personales[id:],datos_personales[Tel. Contacto:],"no dato",0,1)} -> 1133985337 | S8: {=XLOOKUP(C8,datos_personales[id:],datos_personales[E-Mail:],"no dato",0,1)} -> micaale40@gmail.com | T8: {=XLOOKUP(R8,telefonos_afiliados[numeros_loys],telefonos_afiliados[esta],"no esta",0,1)} -> 1 | U8: {=XLOOKUP(C8,datos_laborales[id:],datos_laborales[renuncio],"no dato",0,1)} -> no dato | V8: {=XLOOKUP(C8,datos_laborales[clave_foranea],datos_laborales[tiene_ficha_pdf],"no tiene ficha pdf",0,1)} -> no tiene en pdf
C9: =datos_personales[id:] -> 26678242 | D9: {=XLOOKUP(C9,datos_laborales[clave_foranea],datos_laborales[Relacion de Dependencia],"dato no encontrado",0,1)} -> planta transitoria | E9: {=XLOOKUP(C9,datos_delegados[clave_foranea:],datos_delegados[En Actividad]," ",0,1)} | F9: {=CONCATENATE(XLOOKUP(C9,datos_personales[id:],datos_personales[Apellido:],"no dato",0,1),", ",XLOOKUP(C9,datos_personales[id:],datos_personales[Nombre],"no dato",0,1))} -> albornoz, victor omar | G9: {=XLOOKUP(C9,datos_laborales[clave_foranea],datos_laborales[N° De Legajo],"no dato",0,1)} -> 270 | H9: {=XLOOKUP(C9,datos_laborales[clave_foranea], datos_laborales[Inicio Actividad:],"no dato",0,1)} -> 42887 | I9: {=XLOOKUP(C9,datos_laborales[clave_foranea],datos_laborales[Años en Actividad:],"no dato",0,1)} -> 8 | J9: {=XLOOKUP(C9,datos_personales[id:],datos_personales[D.n.i:],"no dato",0,1)} -> 26678242 | K9: {=XLOOKUP(C9,datos_personales[id:],datos_personales[Fecha Nacimiento:],"no dato",0,1)} -> 28848 | L9: =COUNTIF(hijos!B:B,C9) -> 0 | M9: =COUNTIFS(hijos!B:B,C9,hijos!I:I,1) -> 0 | N9: =COUNTIFS(hijos!B:B,C9,hijos!J:J,1) -> 0 | O9: =COUNTIFS(hijos!B:B,C9,hijos!K:K,1) -> 0 | P9: =COUNTIFS(hijos!B:B,C9,hijos!L:L,1) -> 0 | Q9: =SUM(M9:P9) -> 0 | R9: {=XLOOKUP(C9,datos_personales[id:],datos_personales[Tel. Contacto:],"no dato",0,1)} -> 1136163590 | S9: {=XLOOKUP(C9,datos_personales[id:],datos_personales[E-Mail:],"no dato",0,1)} -> albornoz78victor@gmail.com | T9: {=XLOOKUP(R9,telefonos_afiliados[numeros_loys],telefonos_afiliados[esta],"no esta",0,1)} -> no esta | U9: {=XLOOKUP(C9,datos_personales[id:],datos_laborales[renuncio],"no dato",0,1)} -> #N/A | V9: {=XLOOKUP(C9,datos_laborales[clave_foranea],datos_laborales[tiene_ficha_pdf],"no tiene ficha pdf",0,1)} -> no tiene en pdf
C10: =datos_personales[id:] -> 42012262 | D10: {=XLOOKUP(C10,datos_laborales[clave_foranea],datos_laborales[Relacion de Dependencia],"dato no encontrado",0,1)} -> monotributista | E10: {=XLOOKUP(C10,datos_delegados[clave_foranea:],datos_delegados[En Actividad]," ",0,1)} | F10: {=CONCATENATE(XLOOKUP(C10,datos_personales[id:],datos_personales[Apellido:],"no dato",0,1),", ",XLOOKUP(C10,datos_personales[id:],datos_personales[Nombre],"no dato",0,1))} -> acosta, belen teresa | G10: {=XLOOKUP(C10,datos_laborales[clave_foranea],datos_laborales[N° De Legajo],"no dato",0,1)} -> 2166 | H10: {=XLOOKUP(C10,datos_laborales[clave_foranea], datos_laborales[Inicio Actividad:],"no dato",0,1)} -> 0 | I10: {=XLOOKUP(C10,datos_laborales[clave_foranea],datos_laborales[Años en Actividad:],"no dato",0,1)} -> 126 | J10: {=XLOOKUP(C10,datos_personales[id:],datos_personales[D.n.i:],"no dato",0,1)} -> 42012262 | K10: {=XLOOKUP(C10,datos_personales[id:],datos_personales[Fecha Nacimiento:],"no dato",0,1)} -> 36322 | L10: =COUNTIF(hijos!B:B,C10) -> 1 | M10: =COUNTIFS(hijos!B:B,C10,hijos!I:I,1) -> 0 | N10: =COUNTIFS(hijos!B:B,C10,hijos!J:J,1) -> 1 | O10: =COUNTIFS(hijos!B:B,C10,hijos!K:K,1) -> 0 | P10: =COUNTIFS(hijos!B:B,C10,hijos!L:L,1) -> 0 | Q10: =SUM(M10:P10) -> 1 | R10: {=XLOOKUP(C10,datos_personales[id:],datos_personales[Tel. Contacto:],"no dato",0,1)} -> 1128788904 | S10: {=XLOOKUP(C10,datos_personales[id:],datos_personales[E-Mail:],"no dato",0,1)} -> belenmilena1311@hotmail.com | T10: {=XLOOKUP(R10,telefonos_afiliados[numeros_loys],telefonos_afiliados[esta],"no esta",0,1)} -> 1 | U10: {=XLOOKUP(C10,datos_laborales[id:],datos_laborales[renuncio],"no dato",0,1)} -> no dato
C11: =datos_personales[id:] -> 33155103 | D11: {=XLOOKUP(C11,datos_laborales[clave_foranea],datos_laborales[Relacion de Dependencia],"dato no encontrado",0,1)} -> monotributista | E11: {=XLOOKUP(C11,datos_delegados[clave_foranea:],datos_delegados[En Actividad]," ",0,1)} | F11: {=CONCATENATE(XLOOKUP(C11,datos_personales[id:],datos_personales[Apellido:],"no dato",0,1),", ",XLOOKUP(C11,datos_personales[id:],datos_personales[Nombre],"no dato",0,1))} -> romero, irina | G11: {=XLOOKUP(C11,datos_laborales[clave_foranea],datos_laborales[N° De Legajo],"no dato",0,1)} -> 1023 | H11: {=XLOOKUP(C11,datos_laborales[clave_foranea], datos_laborales[Inicio Actividad:],"no dato",0,1)} -> 42948 | I11: {=XLOOKUP(C11,datos_laborales[clave_foranea],datos_laborales[Años en Actividad:],"no dato",0,1)} -> 8 | J11: {=XLOOKUP(C11,datos_personales[id:],datos_personales[D.n.i:],"no dato",0,1)} -> 33155103 | K11: {=XLOOKUP(C11,datos_personales[id:],datos_personales[Fecha Nacimiento:],"no dato",0,1)} -> 31961 | L11: =COUNTIF(hijos!B:B,C11) -> 2 | M11: =COUNTIFS(hijos!B:B,C11,hijos!I:I,1) -> 0 | N11: =COUNTIFS(hijos!B:B,C11,hijos!J:J,1) -> 0 | O11: =COUNTIFS(hijos!B:B,C11,hijos!K:K,1) -> 0 | P11: =COUNTIFS(hijos!B:B,C11,hijos!L:L,1) -> 2 | Q11: =SUM(M11:P11) -> 2 | R11: {=XLOOKUP(C11,datos_personales[id:],datos_personales[Tel. Contacto:],"no dato",0,1)} -> 1165037377 | S11: {=XLOOKUP(C11,datos_personales[id:],datos_personales[E-Mail:],"no dato",0,1)} -> romeroirinauma19@gmail.com | T11: {=XLOOKUP(R11,telefonos_afiliados[numeros_loys],telefonos_afiliados[esta],"no esta",0,1)} -> 1 | U11: {=XLOOKUP(C11,datos_laborales[id:],datos_laborales[renuncio],"no dato",0,1)} -> no dato | V11: {=XLOOKUP(C11,datos_laborales[clave_foranea],datos_laborales[tiene_ficha_pdf],"no tiene ficha pdf",0,1)} -> 1
C12: =datos_personales[id:] -> 35538835 | D12: {=XLOOKUP(C12,datos_laborales[clave_foranea],datos_laborales[Relacion de Dependencia],"dato no encontrado",0,1)} -> monotributista | E12: {=XLOOKUP(C12,datos_delegados[clave_foranea:],datos_delegados[En Actividad]," ",0,1)} | F12: {=CONCATENATE(XLOOKUP(C12,datos_personales[id:],datos_personales[Apellido:],"no dato",0,1),", ",XLOOKUP(C12,datos_personales[id:],datos_personales[Nombre],"no dato",0,1))} -> ruiz, pablo nahuel | G12: {=XLOOKUP(C12,datos_laborales[clave_foranea],datos_laborales[N° De Legajo],"no dato",0,1)} -> 1025 | H12: {=XLOOKUP(C12,datos_laborales[clave_foranea], datos_laborales[Inicio Actividad:],"no dato",0,1)} -> 0 | I12: {=XLOOKUP(C12,datos_laborales[clave_foranea],datos_laborales[Años en Actividad:],"no dato",0,1)} -> 126 | J12: {=XLOOKUP(C12,datos_personales[id:],datos_personales[D.n.i:],"no dato",0,1)} -> 35538835 | K12: {=XLOOKUP(C12,datos_personales[id:],datos_personales[Fecha Nacimiento:],"no dato",0,1)} -> 33586 | L12: =COUNTIF(hijos!B:B,C12) -> 0 | M12: =COUNTIFS(hijos!B:B,C12,hijos!I:I,1) -> 0 | N12: =COUNTIFS(hijos!B:B,C12,hijos!J:J,1) -> 0 | O12: =COUNTIFS(hijos!B:B,C12,hijos!K:K,1) -> 0 | P12: =COUNTIFS(hijos!B:B,C12,hijos!L:L,1) -> 0 | Q12: =SUM(M12:P12) -> 0 | R12: {=XLOOKUP(C12,datos_personales[id:],datos_personales[Tel. Contacto:],"no dato",0,1)} -> 1165851734 | S12: {=XLOOKUP(C12,datos_personales[id:],datos_personales[E-Mail:],"no dato",0,1)} -> nahuelruiz009@gmail.com | T12: {=XLOOKUP(R12,telefonos_afiliados[numeros_loys],telefonos_afiliados[esta],"no esta",0,1)} -> 1 | U12: {=XLOOKUP(C12,datos_laborales[id:],datos_laborales[renuncio],"no dato",0,1)} -> no dato
C13: =datos_personales[id:] -> 93996095 | D13: {=XLOOKUP(C13,datos_laborales[clave_foranea],datos_laborales[Relacion de Dependencia],"dato no encontrado",0,1)} -> monotributista | E13: {=XLOOKUP(C13,datos_delegados[clave_foranea:],datos_delegados[En Actividad]," ",0,1)} | F13: {=CONCATENATE(XLOOKUP(C13,datos_personales[id:],datos_personales[Apellido:],"no dato",0,1),", ",XLOOKUP(C13,datos_personales[id:],datos_personales[Nombre],"no dato",0,1))} -> felipe lima, aidee deysi | G13: {=XLOOKUP(C13,datos_laborales[clave_foranea],datos_laborales[N° De Legajo],"no dato",0,1)} -> 754 | H13: {=XLOOKUP(C13,datos_laborales[clave_foranea], datos_laborales[Inicio Actividad:],"no dato",0,1)} -> 42948 | I13: {=XLOOKUP(C13,datos_laborales[clave_foranea],datos_laborales[Años en Actividad:],"no dato",0,1)} -> 8 | J13: {=XLOOKUP(C13,datos_personales[id:],datos_personales[D.n.i:],"no dato",0,1)} -> 93996095 | K13: {=XLOOKUP(C13,datos_personales[id:],datos_personales[Fecha Nacimiento:],"no dato",0,1)} -> 28260 | L13: =COUNTIF(hijos!B:B,C13) -> 5 | M13: =COUNTIFS(hijos!B:B,C13,hijos!I:I,1) -> 0 | N13: =COUNTIFS(hijos!B:B,C13,hijos!J:J,1) -> 1 | O13: =COUNTIFS(hijos!B:B,C13,hijos!K:K,1) -> 0 | P13: =COUNTIFS(hijos!B:B,C13,hijos!L:L,1) -> 4 | Q13: =SUM(M13:P13) -> 5 | R13: {=XLOOKUP(C13,datos_personales[id:],datos_personales[Tel. Contacto:],"no dato",0,1)} -> 1128666648 | S13: {=XLOOKUP(C13,datos_personales[id:],datos_personales[E-Mail:],"no dato",0,1)} -> aideefelipe1977@gmail.com | T13: {=XLOOKUP(R13,telefonos_afiliados[numeros_loys],telefonos_afiliados[esta],"no esta",0,1)} -> 1 | U13: {=XLOOKUP(C13,datos_laborales[id:],datos_laborales[renuncio],"no dato",0,1)} -> no dato | V13: {=XLOOKUP(C13,datos_laborales[clave_foranea],datos_laborales[tiene_ficha_pdf],"no tiene ficha pdf",0,1)} -> 1
C14: =datos_personales[id:] -> 94842492 | D14: {=XLOOKUP(C14,datos_laborales[clave_foranea],datos_laborales[Relacion de Dependencia],"dato no encontrado",0,1)} -> monotributista | E14: {=XLOOKUP(C14,datos_delegados[clave_foranea:],datos_delegados[En Actividad]," ",0,1)} | F14: {=CONCATENATE(XLOOKUP(C14,datos_personales[id:],datos_personales[Apellido:],"no dato",0,1),", ",XLOOKUP(C14,datos_personales[id:],datos_personales[Nombre],"no dato",0,1))} -> olaya piña, laly del pilar | G14: {=XLOOKUP(C14,datos_laborales[clave_foranea],datos_laborales[N° De Legajo],"no dato",0,1)} -> 527 | H14: {=XLOOKUP(C14,datos_laborales[clave_foranea], datos_laborales[Inicio Actividad:],"no dato",0,1)} -> 0 | I14: {=XLOOKUP(C14,datos_laborales[clave_foranea],datos_laborales[Años en Actividad:],"no dato",0,1)} -> 126 | J14: {=XLOOKUP(C14,datos_personales[id:],datos_personales[D.n.i:],"no dato",0,1)} -> 94842492 | K14: {=XLOOKUP(C14,datos_personales[id:],datos_personales[Fecha Nacimiento:],"no dato",0,1)} -> 33484 | L14: =COUNTIF(hijos!B:B,C14) -> 0 | M14: =COUNTIFS(hijos!B:B,C14,hijos!I:I,1) -> 0 | N14: =COUNTIFS(hijos!B:B,C14,hijos!J:J,1) -> 0 | O14: =COUNTIFS(hijos!B:B,C14,hijos!K:K,1) -> 0 | P14: =COUNTIFS(hijos!B:B,C14,hijos!L:L,1) -> 0 | Q14: =SUM(M14:P14) -> 0 | R14: {=XLOOKUP(C14,datos_personales[id:],datos_personales[Tel. Contacto:],"no dato",0,1)} -> 1154169265 | S14: {=XLOOKUP(C14,datos_personales[id:],datos_personales[E-Mail:],"no dato",0,1)} -> polayalp39@gmail.com | T14: {=XLOOKUP(R14,telefonos_afiliados[numeros_loys],telefonos_afiliados[esta],"no esta",0,1)} -> 1 | U14: {=XLOOKUP(C14,datos_personales[id:],datos_laborales[renuncio],"no dato",0,1)} -> #N/A | V14: {=XLOOKUP(C14,datos_laborales[clave_foranea],datos_laborales[tiene_ficha_pdf],"no tiene ficha pdf",0,1)} -> 1
C15: =datos_personales[id:] -> 95102089 | D15: {=XLOOKUP(C15,datos_laborales[clave_foranea],datos_laborales[Relacion de Dependencia],"dato no encontrado",0,1)} -> monotributista | E15: {=XLOOKUP(C15,datos_delegados[clave_foranea:],datos_delegados[En Actividad]," ",0,1)} -> 1 | F15: {=CONCATENATE(XLOOKUP(C15,datos_personales[id:],datos_personales[Apellido:],"no dato",0,1),", ",XLOOKUP(C15,datos_personales[id:],datos_personales[Nombre],"no dato",0,1))} -> ferro rodriguez, maria elena | G15: {=XLOOKUP(C15,datos_laborales[clave_foranea],datos_laborales[N° De Legajo],"no dato",0,1)} -> 560 | H15: {=XLOOKUP(C15,datos_laborales[clave_foranea], datos_laborales[Inicio Actividad:],"no dato",0,1)} -> 42887 | I15: {=XLOOKUP(C15,datos_laborales[clave_foranea],datos_laborales[Años en Actividad:],"no dato",0,1)} -> 8 | J15: {=XLOOKUP(C15,datos_personales[id:],datos_personales[D.n.i:],"no dato",0,1)} -> 95102089 | K15: {=XLOOKUP(C15,datos_personales[id:],datos_personales[Fecha Nacimiento:],"no dato",0,1)} -> 27698 | L15: =COUNTIF(hijos!B:B,C15) -> 2 | M15: =COUNTIFS(hijos!B:B,C15,hijos!I:I,1) -> 0 | N15: =COUNTIFS(hijos!B:B,C15,hijos!J:J,1) -> 0 | O15: =COUNTIFS(hijos!B:B,C15,hijos!K:K,1) -> 0 | P15: =COUNTIFS(hijos!B:B,C15,hijos!L:L,1) -> 0 | Q15: =SUM(M15:P15) -> 0 | R15: {=XLOOKUP(C15,datos_personales[id:],datos_personales[Tel. Contacto:],"no dato",0,1)} -> 1150420061 | S15: {=XLOOKUP(C15,datos_personales[id:],datos_personales[E-Mail:],"no dato",0,1)} -> marielen1031@hotmail.com | T15: {=XLOOKUP(R15,telefonos_afiliados[numeros_loys],telefonos_afiliados[esta],"no esta",0,1)} -> 1 | U15: {=XLOOKUP(C15,datos_laborales[id:],datos_laborales[renuncio],"no dato",0,1)} -> no dato | V15: {=XLOOKUP(C15,datos_laborales[clave_foranea],datos_laborales[tiene_ficha_pdf],"no tiene ficha pdf",0,1)} -> 1
C16: =datos_personales[id:] -> 95189729 | D16: {=XLOOKUP(C16,datos_laborales[clave_foranea],datos_laborales[Relacion de Dependencia],"dato no encontrado",0,1)} -> monotributista | E16: {=XLOOKUP(C16,datos_delegados[clave_foranea:],datos_delegados[En Actividad]," ",0,1)} | F16: {=CONCATENATE(XLOOKUP(C16,datos_personales[id:],datos_personales[Apellido:],"no dato",0,1),", ",XLOOKUP(C16,datos_personales[id:],datos_personales[Nombre],"no dato",0,1))} -> gutierrez quispe, griselda | G16: {=XLOOKUP(C16,datos_laborales[clave_foranea],datos_laborales[N° De Legajo],"no dato",0,1)} -> 909 | H16: {=XLOOKUP(C16,datos_laborales[clave_foranea], datos_laborales[Inicio Actividad:],"no dato",0,1)} -> 42948 | I16: {=XLOOKUP(C16,datos_laborales[clave_foranea],datos_laborales[Años en Actividad:],"no dato",0,1)} -> 8 | J16: {=XLOOKUP(C16,datos_personales[id:],datos_personales[D.n.i:],"no dato",0,1)} -> 95189729 | K16: {=XLOOKUP(C16,datos_personales[id:],datos_personales[Fecha Nacimiento:],"no dato",0,1)} -> 30644 | L16: =COUNTIF(hijos!B:B,C16) -> 5 | M16: =COUNTIFS(hijos!B:B,C16,hijos!I:I,1) -> 0 | N16: =COUNTIFS(hijos!B:B,C16,hijos!J:J,1) -> 0 | O16: =COUNTIFS(hijos!B:B,C16,hijos!K:K,1) -> 2 | P16: =COUNTIFS(hijos!B:B,C16,hijos!L:L,1) -> 3 | Q16: =SUM(M16:P16) -> 5 | R16: {=XLOOKUP(C16,datos_personales[id:],datos_personales[Tel. Contacto:],"no dato",0,1)} -> 1124936411 | S16: {=XLOOKUP(C16,datos_personales[id:],datos_personales[E-Mail:],"no dato",0,1)} -> chiiguisguty@gmain.com | T16: {=XLOOKUP(R16,telefonos_afiliados[numeros_loys],telefonos_afiliados[esta],"no esta",0,1)} -> 1 | U16: {=XLOOKUP(C16,datos_laborales[id:],datos_laborales[renuncio],"no dato",0,1)} -> no dato | V16: {=XLOOKUP(C16,datos_laborales[clave_foranea],datos_laborales[tiene_ficha_pdf],"no tiene ficha pdf",0,1)} -> 1
C17: =datos_personales[id:] -> 20009014 | D17: {=XLOOKUP(C17,datos_laborales[clave_foranea],datos_laborales[Relacion de Dependencia],"dato no encontrado",0,1)} -> monotributista | E17: {=XLOOKUP(C17,datos_delegados[clave_foranea:],datos_delegados[En Actividad]," ",0,1)} | F17: {=CONCATENATE(XLOOKUP(C17,datos_personales[id:],datos_personales[Apellido:],"no dato",0,1),", ",XLOOKUP(C17,datos_personales[id:],datos_personales[Nombre],"no dato",0,1))} -> fernandez, mariana | G17: {=XLOOKUP(C17,datos_laborales[clave_foranea],datos_laborales[N° De Legajo],"no dato",0,1)} -> 2777 | H17: {=XLOOKUP(C17,datos_laborales[clave_foranea], datos_laborales[Inicio Actividad:],"no dato",0,1)} -> 45111 | I17: {=XLOOKUP(C17,datos_laborales[clave_foranea],datos_laborales[Años en Actividad:],"no dato",0,1)} -> 2 | J17: {=XLOOKUP(C17,datos_personales[id:],datos_personales[D.n.i:],"no dato",0,1)} -> 20009014 | K17: {=XLOOKUP(C17,datos_personales[id:],datos_personales[Fecha Nacimiento:],"no dato",0,1)} -> 24856 | L17: =COUNTIF(hijos!B:B,C17) -> 3 | M17: =COUNTIFS(hijos!B:B,C17,hijos!I:I,1) -> 0 | N17: =COUNTIFS(hijos!B:B,C17,hijos!J:J,1) -> 0 | O17: =COUNTIFS(hijos!B:B,C17,hijos!K:K,1) -> 0 | P17: =COUNTIFS(hijos!B:B,C17,hijos!L:L,1) -> 1 | Q17: =SUM(M17:P17) -> 1 | R17: {=XLOOKUP(C17,datos_personales[id:],datos_personales[Tel. Contacto:],"no dato",0,1)} -> 1144937482 | S17: {=XLOOKUP(C17,datos_personales[id:],datos_personales[E-Mail:],"no dato",0,1)} | T17: {=XLOOKUP(R17,telefonos_afiliados[numeros_loys],telefonos_afiliados[esta],"no esta",0,1)} -> 1 | U17: {=XLOOKUP(C17,datos_laborales[id:],datos_laborales[renuncio],"no dato",0,1)} -> no dato
C18: =datos_personales[id:] -> 29635937 | D18: {=XLOOKUP(C18,datos_laborales[clave_foranea],datos_laborales[Relacion de Dependencia],"dato no encontrado",0,1)} -> monotributista | E18: {=XLOOKUP(C18,datos_delegados[clave_foranea:],datos_delegados[En Actividad]," ",0,1)} | F18: {=CONCATENATE(XLOOKUP(C18,datos_personales[id:],datos_personales[Apellido:],"no dato",0,1),", ",XLOOKUP(C18,datos_personales[id:],datos_personales[Nombre],"no dato",0,1))} -> dugour, cecilia paola | G18: {=XLOOKUP(C18,datos_laborales[clave_foranea],datos_laborales[N° De Legajo],"no dato",0,1)} -> 1931 | H18: {=XLOOKUP(C18,datos_laborales[clave_foranea], datos_laborales[Inicio Actividad:],"no dato",0,1)} -> 44683 | I18: {=XLOOKUP(C18,datos_laborales[clave_foranea],datos_laborales[Años en Actividad:],"no dato",0,1)} -> 3 | J18: {=XLOOKUP(C18,datos_personales[id:],datos_personales[D.n.i:],"no dato",0,1)} -> 29635937 | K18: {=XLOOKUP(C18,datos_personales[id:],datos_personales[Fecha Nacimiento:],"no dato",0,1)} -> 30139 | L18: =COUNTIF(hijos!B:B,C18) -> 1 | M18: =COUNTIFS(hijos!B:B,C18,hijos!I:I,1) -> 0 | N18: =COUNTIFS(hijos!B:B,C18,hijos!J:J,1) -> 0 | O18: =COUNTIFS(hijos!B:B,C18,hijos!K:K,1) -> 0 | P18: =COUNTIFS(hijos!B:B,C18,hijos!L:L,1) -> 1 | Q18: =SUM(M18:P18) -> 1 | R18: {=XLOOKUP(C18,datos_personales[id:],datos_personales[Tel. Contacto:],"no dato",0,1)} -> 1141697938 | S18: {=XLOOKUP(C18,datos_personales[id:],datos_personales[E-Mail:],"no dato",0,1)} -> lachechu.lachechu@gmail.com | T18: {=XLOOKUP(R18,telefonos_afiliados[numeros_loys],telefonos_afiliados[esta],"no esta",0,1)} -> 1 | U18: {=XLOOKUP(C18,datos_laborales[id:],datos_laborales[renuncio],"no dato",0,1)} -> no dato
C19: =datos_personales[id:] -> 39471585 | D19: {=XLOOKUP(C19,datos_laborales[clave_foranea],datos_laborales[Relacion de Dependencia],"dato no encontrado",0,1)} -> monotributista | E19: {=XLOOKUP(C19,datos_delegados[clave_foranea:],datos_delegados[En Actividad]," ",0,1)} | F19: {=CONCATENATE(XLOOKUP(C19,datos_personales[id:],datos_personales[Apellido:],"no dato",0,1),", ",XLOOKUP(C19,datos_personales[id:],datos_personales[Nombre],"no dato",0,1))} -> divito, florencia belen | G19: {=XLOOKUP(C19,datos_laborales[clave_foranea],datos_laborales[N° De Legajo],"no dato",0,1)} -> 2450 | H19: {=XLOOKUP(C19,datos_laborales[clave_foranea], datos_laborales[Inicio Actividad:],"no dato",0,1)} -> 45049 | I19: {=XLOOKUP(C19,datos_laborales[clave_foranea],datos_laborales[Años en Actividad:],"no dato",0,1)} -> 2 | J19: {=XLOOKUP(C19,datos_personales[id:],datos_personales[D.n.i:],"no dato",0,1)} -> 39471585 | K19: {=XLOOKUP(C19,datos_personales[id:],datos_personales[Fecha Nacimiento:],"no dato",0,1)} -> 35096 | L19: =COUNTIF(hijos!B:B,C19) -> 0 | M19: =COUNTIFS(hijos!B:B,C19,hijos!I:I,1) -> 0 | N19: =COUNTIFS(hijos!B:B,C19,hijos!J:J,1) -> 0 | O19: =COUNTIFS(hijos!B:B,C19,hijos!K:K,1) -> 0 | P19: =COUNTIFS(hijos!B:B,C19,hijos!L:L,1) -> 0 | Q19: =SUM(M19:P19) -> 0 | R19: {=XLOOKUP(C19,datos_personales[id:],datos_personales[Tel. Contacto:],"no dato",0,1)} -> 1151781882 | S19: {=XLOOKUP(C19,datos_personales[id:],datos_personales[E-Mail:],"no dato",0,1)} -> floordivito@gmail.com | T19: {=XLOOKUP(R19,telefonos_afiliados[numeros_loys],telefonos_afiliados[esta],"no esta",0,1)} -> 1 | U19: {=XLOOKUP(C19,datos_laborales[id:],datos_laborales[renuncio],"no dato",0,1)} -> no dato
C20: =datos_personales[id:] -> 43817038 | D20: {=XLOOKUP(C20,datos_laborales[clave_foranea],datos_laborales[Relacion de Dependencia],"dato no encontrado",0,1)} -> monotributista | E20: {=XLOOKUP(C20,datos_delegados[clave_foranea:],datos_delegados[En Actividad]," ",0,1)} | F20: {=CONCATENATE(XLOOKUP(C20,datos_personales[id:],datos_personales[Apellido:],"no dato",0,1),", ",XLOOKUP(C20,datos_personales[id:],datos_personales[Nombre],"no dato",0,1))} -> guitierrez, aylin silvia | G20: {=XLOOKUP(C20,datos_laborales[clave_foranea],datos_laborales[N° De Legajo],"no dato",0,1)} -> 1850 | H20: {=XLOOKUP(C20,datos_laborales[clave_foranea], datos_laborales[Inicio Actividad:],"no dato",0,1)} -> 44256 | I20: {=XLOOKUP(C20,datos_laborales[clave_foranea],datos_laborales[Años en Actividad:],"no dato",0,1)} -> 4 | J20: {=XLOOKUP(C20,datos_personales[id:],datos_personales[D.n.i:],"no dato",0,1)} -> 43817038 | K20: {=XLOOKUP(C20,datos_personales[id:],datos_personales[Fecha Nacimiento:],"no dato",0,1)} -> 37370 | L20: =COUNTIF(hijos!B:B,C20) -> 0 | M20: =COUNTIFS(hijos!B:B,C20,hijos!I:I,1) -> 0 | N20: =COUNTIFS(hijos!B:B,C20,hijos!J:J,1) -> 0 | O20: =COUNTIFS(hijos!B:B,C20,hijos!K:K,1) -> 0 | P20: =COUNTIFS(hijos!B:B,C20,hijos!L:L,1) -> 0 | Q20: =SUM(M20:P20) -> 0 | R20: {=XLOOKUP(C20,datos_personales[id:],datos_personales[Tel. Contacto:],"no dato",0,1)} -> 1138174900 | S20: {=XLOOKUP(C20,datos_personales[id:],datos_personales[E-Mail:],"no dato",0,1)} -> aylingutierrez74@gmail.com | T20: {=XLOOKUP(R20,telefonos_afiliados[numeros_loys],telefonos_afiliados[esta],"no esta",0,1)} -> 1 | U20: {=XLOOKUP(C20,datos_laborales[id:],datos_laborales[renuncio],"no dato",0,1)} -> no dato | V20: {=XLOOKUP(C20,datos_laborales[clave_foranea],datos_laborales[tiene_ficha_pdf],"no tiene ficha pdf",0,1)} -> no tiene en pdf
C21: =datos_personales[id:] -> 44486458 | D21: {=XLOOKUP(C21,datos_laborales[clave_foranea],datos_laborales[Relacion de Dependencia],"dato no encontrado",0,1)} -> monotributista | E21: {=XLOOKUP(C21,datos_delegados[clave_foranea:],datos_delegados[En Actividad]," ",0,1)} | F21: {=CONCATENATE(XLOOKUP(C21,datos_personales[id:],datos_personales[Apellido:],"no dato",0,1),", ",XLOOKUP(C21,datos_personales[id:],datos_personales[Nombre],"no dato",0,1))} -> alvarez , miranda | G21: {=XLOOKUP(C21,datos_laborales[clave_foranea],datos_laborales[N° De Legajo],"no dato",0,1)} -> 3069 | H21: {=XLOOKUP(C21,datos_laborales[clave_foranea], datos_laborales[Inicio Actividad:],"no dato",0,1)} -> 0 | I21: {=XLOOKUP(C21,datos_laborales[clave_foranea],datos_laborales[Años en Actividad:],"no dato",0,1)} -> 126 | J21: {=XLOOKUP(C21,datos_personales[id:],datos_personales[D.n.i:],"no dato",0,1)} -> 44486458 | K21: {=XLOOKUP(C21,datos_personales[id:],datos_personales[Fecha Nacimiento:],"no dato",0,1)} -> 0 | L21: =COUNTIF(hijos!B:B,C21) -> 0 | M21: =COUNTIFS(hijos!B:B,C21,hijos!I:I,1) -> 0 | N21: =COUNTIFS(hijos!B:B,C21,hijos!J:J,1) -> 0 | O21: =COUNTIFS(hijos!B:B,C21,hijos!K:K,1) -> 0 | P21: =COUNTIFS(hijos!B:B,C21,hijos!L:L,1) -> 0 | Q21: =SUM(M21:P21) -> 0 | R21: {=XLOOKUP(C21,datos_personales[id:],datos_personales[Tel. Contacto:],"no dato",0,1)} -> 1154166856 | S21: {=XLOOKUP(C21,datos_personales[id:],datos_personales[E-Mail:],"no dato",0,1)} -> sabriialvarez06@gmail.com | T21: {=XLOOKUP(R21,telefonos_afiliados[numeros_loys],telefonos_afiliados[esta],"no esta",0,1)} -> 1
C22: =datos_personales[id:] -> 36685920 | D22: {=XLOOKUP(C22,datos_laborales[clave_foranea],datos_laborales[Relacion de Dependencia],"dato no encontrado",0,1)} -> monotributista | E22: {=XLOOKUP(C22,datos_delegados[clave_foranea:],datos_delegados[En Actividad]," ",0,1)} | F22: {=CONCATENATE(XLOOKUP(C22,datos_personales[id:],datos_personales[Apellido:],"no dato",0,1),", ",XLOOKUP(C22,datos_personales[id:],datos_personales[Nombre],"no dato",0,1))} -> davico castañeira, nazareno martin | G22: {=XLOOKUP(C22,datos_laborales[clave_foranea],datos_laborales[N° De Legajo],"no dato",0,1)} -> 3133 | H22: {=XLOOKUP(C22,datos_laborales[clave_foranea], datos_laborales[Inicio Actividad:],"no dato",0,1)} -> 44927 | I22: {=XLOOKUP(C22,datos_laborales[clave_foranea],datos_laborales[Años en Actividad:],"no dato",0,1)} -> 2 | J22: {=XLOOKUP(C22,datos_personales[id:],datos_personales[D.n.i:],"no dato",0,1)} -> 36685920 | K22: {=XLOOKUP(C22,datos_personales[id:],datos_personales[Fecha Nacimiento:],"no dato",0,1)} -> 0 | L22: =COUNTIF(hijos!B:B,C22) -> 0 | M22: =COUNTIFS(hijos!B:B,C22,hijos!I:I,1) -> 0 | N22: =COUNTIFS(hijos!B:B,C22,hijos!J:J,1) -> 0 | O22: =COUNTIFS(hijos!B:B,C22,hijos!K:K,1) -> 0 | P22: =COUNTIFS(hijos!B:B,C22,hijos!L:L,1) -> 0 | Q22: =SUM(M22:P22) -> 0 | R22: {=XLOOKUP(C22,datos_personales[id:],datos_personales[Tel. Contacto:],"no dato",0,1)} -> 1137817717 | S22: {=XLOOKUP(C22,datos_personales[id:],datos_personales[E-Mail:],"no dato",0,1)} -> nazareno.davico@live.com | T22: {=XLOOKUP(R22,telefonos_afiliados[numeros_loys],telefonos_afiliados[esta],"no esta",0,1)} -> 1 | U22: {=XLOOKUP(C22,datos_laborales[id:],datos_laborales[renuncio],"no dato",0,1)} -> no dato
C23: =datos_personales[id:] -> 25060598 | D23: {=XLOOKUP(C23,datos_laborales[clave_foranea],datos_laborales[Relacion de Dependencia],"dato no encontrado",0,1)} -> monotributista | E23: {=XLOOKUP(C23,datos_delegados[clave_foranea:],datos_delegados[En Actividad]," ",0,1)} | F23: {=CONCATENATE(XLOOKUP(C23,datos_personales[id:],datos_personales[Apellido:],"no dato",0,1),", ",XLOOKUP(C23,datos_personales[id:],datos_personales[Nombre],"no dato",0,1))} -> melgarejo , viviana noemi | G23: {=XLOOKUP(C23,datos_laborales[clave_foranea],datos_laborales[N° De Legajo],"no dato",0,1)} -> 3185 | H23: {=XLOOKUP(C23,datos_laborales[clave_foranea], datos_laborales[Inicio Actividad:],"no dato",0,1)} -> 44927 | I23: {=XLOOKUP(C23,datos_laborales[clave_foranea],datos_laborales[Años en Actividad:],"no dato",0,1)} -> 2 | J23: {=XLOOKUP(C23,datos_personales[id:],datos_personales[D.n.i:],"no dato",0,1)} -> 25060598 | K23: {=XLOOKUP(C23,datos_personales[id:],datos_personales[Fecha Nacimiento:],"no dato",0,1)} -> 0 | L23: =COUNTIF(hijos!B:B,C23) -> 3 | M23: =COUNTIFS(hijos!B:B,C23,hijos!I:I,1) -> 0 | N23: =COUNTIFS(hijos!B:B,C23,hijos!J:J,1) -> 0 | O23: =COUNTIFS(hijos!B:B,C23,hijos!K:K,1) -> 0 | P23: =COUNTIFS(hijos!B:B,C23,hijos!L:L,1) -> 3 | Q23: =SUM(M23:P23) -> 3 | R23: {=XLOOKUP(C23,datos_personales[id:],datos_personales[Tel. Contacto:],"no dato",0,1)} -> 1168243462 | S23: {=XLOOKUP(C23,datos_personales[id:],datos_personales[E-Mail:],"no dato",0,1)} -> melgarejovivi88@gmail.com | T23: {=XLOOKUP(R23,telefonos_afiliados[numeros_loys],telefonos_afiliados[esta],"no esta",0,1)} -> no esta
C24: =datos_personales[id:] -> 31896263 | D24: {=XLOOKUP(C24,datos_laborales[clave_foranea],datos_laborales[Relacion de Dependencia],"dato no encontrado",0,1)} -> monotributista | E24: {=XLOOKUP(C24,datos_delegados[clave_foranea:],datos_delegados[En Actividad]," ",0,1)} | F24: {=CONCATENATE(XLOOKUP(C24,datos_personales[id:],datos_personales[Apellido:],"no dato",0,1),", ",XLOOKUP(C24,datos_personales[id:],datos_personales[Nombre],"no dato",0,1))} -> nogueira, diego marcelo | G24: {=XLOOKUP(C24,datos_laborales[clave_foranea],datos_laborales[N° De Legajo],"no dato",0,1)} -> 2323 | H24: {=XLOOKUP(C24,datos_laborales[clave_foranea], datos_laborales[Inicio Actividad:],"no dato",0,1)} -> 45017 | I24: {=XLOOKUP(C24,datos_laborales[clave_foranea],datos_laborales[Años en Actividad:],"no dato",0,1)} -> 2 | J24: {=XLOOKUP(C24,datos_personales[id:],datos_personales[D.n.i:],"no dato",0,1)} -> 31896263 | K24: {=XLOOKUP(C24,datos_personales[id:],datos_personales[Fecha Nacimiento:],"no dato",0,1)} -> 31465 | L24: =COUNTIF(hijos!B:B,C24) -> 1 | M24: =COUNTIFS(hijos!B:B,C24,hijos!I:I,1) -> 0 | N24: =COUNTIFS(hijos!B:B,C24,hijos!J:J,1) -> 0 | O24: =COUNTIFS(hijos!B:B,C24,hijos!K:K,1) -> 0 | P24: =COUNTIFS(hijos!B:B,C24,hijos!L:L,1) -> 1 | Q24: =SUM(M24:P24) -> 1 | R24: {=XLOOKUP(C24,datos_personales[id:],datos_personales[Tel. Contacto:],"no dato",0,1)} -> 1140450018 | S24: {=XLOOKUP(C24,datos_personales[id:],datos_personales[E-Mail:],"no dato",0,1)} -> diegoluli21@gmail | T24: {=XLOOKUP(R24,telefonos_afiliados[numeros_loys],telefonos_afiliados[esta],"no esta",0,1)} -> 1 | U24: {=XLOOKUP(C24,datos_laborales[id:],datos_laborales[renuncio],"no dato",0,1)} -> no dato
C25: =datos_personales[id:] -> 32554313 | D25: {=XLOOKUP(C25,datos_laborales[clave_foranea],datos_laborales[Relacion de Dependencia],"dato no encontrado",0,1)} -> monotributista | E25: {=XLOOKUP(C25,datos_delegados[clave_foranea:],datos_delegados[En Actividad]," ",0,1)} | F25: {=CONCATENATE(XLOOKUP(C25,datos_personales[id:],datos_personales[Apellido:],"no dato",0,1),", ",XLOOKUP(C25,datos_personales[id:],datos_personales[Nombre],"no dato",0,1))} -> bonomo, yamila maria | G25: {=XLOOKUP(C25,datos_laborales[clave_foranea],datos_laborales[N° De Legajo],"no dato",0,1)} -> 1444 | H25: {=XLOOKUP(C25,datos_laborales[clave_foranea], datos_laborales[Inicio Actividad:],"no dato",0,1)} -> 43252 | I25: {=XLOOKUP(C25,datos_laborales[clave_foranea],datos_laborales[Años en Actividad:],"no dato",0,1)} -> 7 | J25: {=XLOOKUP(C25,datos_personales[id:],datos_personales[D.n.i:],"no dato",0,1)} -> 32554313 | K25: {=XLOOKUP(C25,datos_personales[id:],datos_personales[Fecha Nacimiento:],"no dato",0,1)} -> 31644 | L25: =COUNTIF(hijos!B:B,C25) -> 4 | M25: =COUNTIFS(hijos!B:B,C25,hijos!I:I,1) -> 0 | N25: =COUNTIFS(hijos!B:B,C25,hijos!J:J,1) -> 1 | O25: =COUNTIFS(hijos!B:B,C25,hijos!K:K,1) -> 0 | P25: =COUNTIFS(hijos!B:B,C25,hijos!L:L,1) -> 3 | Q25: =SUM(M25:P25) -> 4 | R25: {=XLOOKUP(C25,datos_personales[id:],datos_personales[Tel. Contacto:],"no dato",0,1)} -> 1160341130 | S25: {=XLOOKUP(C25,datos_personales[id:],datos_personales[E-Mail:],"no dato",0,1)} -> yamilabonomo@hotmail.com | T25: {=XLOOKUP(R25,telefonos_afiliados[numeros_loys],telefonos_afiliados[esta],"no esta",0,1)} -> 1 | U25: {=XLOOKUP(C25,datos_laborales[id:],datos_laborales[renuncio],"no dato",0,1)} -> no dato | V25: {=XLOOKUP(C25,datos_laborales[clave_foranea],datos_laborales[tiene_ficha_pdf],"no tiene ficha pdf",0,1)} -> no tiene en pdf
C26: =datos_personales[id:] -> 33905319 | D26: {=XLOOKUP(C26,datos_laborales[clave_foranea],datos_laborales[Relacion de Dependencia],"dato no encontrado",0,1)} -> monotributista | E26: {=XLOOKUP(C26,datos_delegados[clave_foranea:],datos_delegados[En Actividad]," ",0,1)} | F26: {=CONCATENATE(XLOOKUP(C26,datos_personales[id:],datos_personales[Apellido:],"no dato",0,1),", ",XLOOKUP(C26,datos_personales[id:],datos_personales[Nombre],"no dato",0,1))} -> herrera, gaston | G26: {=XLOOKUP(C26,datos_laborales[clave_foranea],datos_laborales[N° De Legajo],"no dato",0,1)} -> 2479 | H26: {=XLOOKUP(C26,datos_laborales[clave_foranea], datos_laborales[Inicio Actividad:],"no dato",0,1)} -> 45019 | I26: {=XLOOKUP(C26,datos_laborales[clave_foranea],datos_laborales[Años en Actividad:],"no dato",0,1)} -> 2 | J26: {=XLOOKUP(C26,datos_personales[id:],datos_personales[D.n.i:],"no dato",0,1)} -> 33905319 | K26: {=XLOOKUP(C26,datos_personales[id:],datos_personales[Fecha Nacimiento:],"no dato",0,1)} -> 0 | L26: =COUNTIF(hijos!B:B,C26) -> 2 | M26: =COUNTIFS(hijos!B:B,C26,hijos!I:I,1) -> 1 | N26: =COUNTIFS(hijos!B:B,C26,hijos!J:J,1) -> 0 | O26: =COUNTIFS(hijos!B:B,C26,hijos!K:K,1) -> 1 | P26: =COUNTIFS(hijos!B:B,C26,hijos!L:L,1) -> 0 | Q26: =SUM(M26:P26) -> 2 | R26: {=XLOOKUP(C26,datos_personales[id:],datos_personales[Tel. Contacto:],"no dato",0,1)} | S26: {=XLOOKUP(C26,datos_personales[id:],datos_personales[E-Mail:],"no dato",0,1)} -> herreragas2021@gmail.com | T26: {=XLOOKUP(R26,telefonos_afiliados[numeros_loys],telefonos_afiliados[esta],"no esta",0,1)} -> no esta | U26: {=XLOOKUP(C26,datos_personales[id:],datos_laborales[renuncio],"no dato",0,1)} -> #N/A | V26: {=XLOOKUP(C26,datos_laborales[clave_foranea],datos_laborales[tiene_ficha_pdf],"no tiene ficha pdf",0,1)} -> no tiene en pdf
C27: =datos_personales[id:] -> 31302984 | D27: {=XLOOKUP(C27,datos_laborales[clave_foranea],datos_laborales[Relacion de Dependencia],"dato no encontrado",0,1)} -> monotributista | E27: {=XLOOKUP(C27,datos_delegados[clave_foranea:],datos_delegados[En Actividad]," ",0,1)} | F27: {=CONCATENATE(XLOOKUP(C27,datos_personales[id:],datos_personales[Apellido:],"no dato",0,1),", ",XLOOKUP(C27,datos_personales[id:],datos_personales[Nombre],"no dato",0,1))} -> sinchicay, nelida del valle | G27: {=XLOOKUP(C27,datos_laborales[clave_foranea],datos_laborales[N° De Legajo],"no dato",0,1)} -> 1142 | H27: {=XLOOKUP(C27,datos_laborales[clave_foranea], datos_laborales[Inicio Actividad:],"no dato",0,1)} -> 0 | I27: {=XLOOKUP(C27,datos_laborales[clave_foranea],datos_laborales[Años en Actividad:],"no dato",0,1)} -> 126 | J27: {=XLOOKUP(C27,datos_personales[id:],datos_personales[D.n.i:],"no dato",0,1)} -> 31302984 | K27: {=XLOOKUP(C27,datos_personales[id:],datos_personales[Fecha Nacimiento:],"no dato",0,1)} -> 30966 | L27: =COUNTIF(hijos!B:B,C27) -> 1 | M27: =COUNTIFS(hijos!B:B,C27,hijos!I:I,1) -> 0 | N27: =COUNTIFS(hijos!B:B,C27,hijos!J:J,1) -> 0 | O27: =COUNTIFS(hijos!B:B,C27,hijos!K:K,1) -> 1 | P27: =COUNTIFS(hijos!B:B,C27,hijos!L:L,1) -> 0 | Q27: =SUM(M27:P27) -> 1 | R27: {=XLOOKUP(C27,datos_personales[id:],datos_personales[Tel. Contacto:],"no dato",0,1)} -> 1130700402 | S27: {=XLOOKUP(C27,datos_personales[id:],datos_personales[E-Mail:],"no dato",0,1)} -> nelus872009@hotmail.com | T27: {=XLOOKUP(R27,telefonos_afiliados[numeros_loys],telefonos_afiliados[esta],"no esta",0,1)} -> 1
C28: =datos_personales[id:] -> 34423850 | D28: {=XLOOKUP(C28,datos_laborales[clave_foranea],datos_laborales[Relacion de Dependencia],"dato no encontrado",0,1)} -> monotributista | E28: {=XLOOKUP(C28,datos_delegados[clave_foranea:],datos_delegados[En Actividad]," ",0,1)} | F28: {=CONCATENATE(XLOOKUP(C28,datos_personales[id:],datos_personales[Apellido:],"no dato",0,1),", ",XLOOKUP(C28,datos_personales[id:],datos_personales[Nombre],"no dato",0,1))} -> mariani, melina giselle | G28: {=XLOOKUP(C28,datos_laborales[clave_foranea],datos_laborales[N° De Legajo],"no dato",0,1)} -> 1591 | H28: {=XLOOKUP(C28,datos_laborales[clave_foranea], datos_laborales[Inicio Actividad:],"no dato",0,1)} -> 43466 | I28: {=XLOOKUP(C28,datos_laborales[clave_foranea],datos_laborales[Años en Actividad:],"no dato",0,1)} -> 6 | J28: {=XLOOKUP(C28,datos_personales[id:],datos_personales[D.n.i:],"no dato",0,1)} -> 34423850 | K28: {=XLOOKUP(C28,datos_personales[id:],datos_personales[Fecha Nacimiento:],"no dato",0,1)} -> 32546 | L28: =COUNTIF(hijos!B:B,C28) -> 1 | M28: =COUNTIFS(hijos!B:B,C28,hijos!I:I,1) -> 0 | N28: =COUNTIFS(hijos!B:B,C28,hijos!J:J,1) -> 0 | O28: =COUNTIFS(hijos!B:B,C28,hijos!K:K,1) -> 0 | P28: =COUNTIFS(hijos!B:B,C28,hijos!L:L,1) -> 1 | Q28: =SUM(M28:P28) -> 1 | R28: {=XLOOKUP(C28,datos_personales[id:],datos_personales[Tel. Contacto:],"no dato",0,1)} -> 1144171447 | S28: {=XLOOKUP(C28,datos_personales[id:],datos_personales[E-Mail:],"no dato",0,1)} -> melinamariani@hotmail.com | T28: {=XLOOKUP(R28,telefonos_afiliados[numeros_loys],telefonos_afiliados[esta],"no esta",0,1)} -> 1 | U28: {=XLOOKUP(C28,datos_laborales[id:],datos_laborales[renuncio],"no dato",0,1)} -> no dato | V28: {=XLOOKUP(C28,datos_laborales[clave_foranea],datos_laborales[tiene_ficha_pdf],"no tiene ficha pdf",0,1)} -> no tiene en pdf
C29: =datos_personales[id:] -> 32616368 | D29: {=XLOOKUP(C29,datos_laborales[clave_foranea],datos_laborales[Relacion de Dependencia],"dato no encontrado",0,1)} -> monotributista | E29: {=XLOOKUP(C29,datos_delegados[clave_foranea:],datos_delegados[En Actividad]," ",0,1)} | F29: {=CONCATENATE(XLOOKUP(C29,datos_personales[id:],datos_personales[Apellido:],"no dato",0,1),", ",XLOOKUP(C29,datos_personales[id:],datos_personales[Nombre],"no dato",0,1))} -> melgarejo, gabriela romina | G29: {=XLOOKUP(C29,datos_laborales[clave_foranea],datos_laborales[N° De Legajo],"no dato",0,1)} -> 2500 | H29: {=XLOOKUP(C29,datos_laborales[clave_foranea], datos_laborales[Inicio Actividad:],"no dato",0,1)} -> 45017 | I29: {=XLOOKUP(C29,datos_laborales[clave_foranea],datos_laborales[Años en Actividad:],"no dato",0,1)} -> 2 | J29: {=XLOOKUP(C29,datos_personales[id:],datos_personales[D.n.i:],"no dato",0,1)} -> 32616368 | K29: {=XLOOKUP(C29,datos_personales[id:],datos_personales[Fecha Nacimiento:],"no dato",0,1)} -> 0 | L29: =COUNTIF(hijos!B:B,C29) -> 0 | M29: =COUNTIFS(hijos!B:B,C29,hijos!I:I,1) -> 0 | N29: =COUNTIFS(hijos!B:B,C29,hijos!J:J,1) -> 0 | O29: =COUNTIFS(hijos!B:B,C29,hijos!K:K,1) -> 0 | P29: =COUNTIFS(hijos!B:B,C29,hijos!L:L,1) -> 0 | Q29: =SUM(M29:P29) -> 0 | R29: {=XLOOKUP(C29,datos_personales[id:],datos_personales[Tel. Contacto:],"no dato",0,1)} | S29: {=XLOOKUP(C29,datos_personales[id:],datos_personales[E-Mail:],"no dato",0,1)} -> gabielarominamelgarejo2@gmail | T29: {=XLOOKUP(R29,telefonos_afiliados[numeros_loys],telefonos_afiliados[esta],"no esta",0,1)} -> no esta | U29: {=XLOOKUP(C29,datos_laborales[id:],datos_laborales[renuncio],"no dato",0,1)} -> no dato | V29: {=XLOOKUP(C29,datos_laborales[clave_foranea],datos_laborales[tiene_ficha_pdf],"no tiene ficha pdf",0,1)} -> no tiene en pdf
C30: =datos_personales[id:] -> 43241630 | D30: {=XLOOKUP(C30,datos_laborales[clave_foranea],datos_laborales[Relacion de Dependencia],"dato no encontrado",0,1)} -> monotributista | E30: {=XLOOKUP(C30,datos_delegados[clave_foranea:],datos_delegados[En Actividad]," ",0,1)} | F30: {=CONCATENATE(XLOOKUP(C30,datos_personales[id:],datos_personales[Apellido:],"no dato",0,1),", ",XLOOKUP(C30,datos_personales[id:],datos_personales[Nombre],"no dato",0,1))} -> silva borda, nicolas rodrigo | G30: {=XLOOKUP(C30,datos_laborales[clave_foranea],datos_laborales[N° De Legajo],"no dato",0,1)} -> 2713 | H30: {=XLOOKUP(C30,datos_laborales[clave_foranea], datos_laborales[Inicio Actividad:],"no dato",0,1)} -> 45078 | I30: {=XLOOKUP(C30,datos_laborales[clave_foranea],datos_laborales[Años en Actividad:],"no dato",0,1)} -> 2 | J30: {=XLOOKUP(C30,datos_personales[id:],datos_personales[D.n.i:],"no dato",0,1)} -> 43241630 | K30: {=XLOOKUP(C30,datos_personales[id:],datos_personales[Fecha Nacimiento:],"no dato",0,1)} -> 37013 | L30: =COUNTIF(hijos!B:B,C30) -> 0 | M30: =COUNTIFS(hijos!B:B,C30,hijos!I:I,1) -> 0 | N30: =COUNTIFS(hijos!B:B,C30,hijos!J:J,1) -> 0 | O30: =COUNTIFS(hijos!B:B,C30,hijos!K:K,1) -> 0 | P30: =COUNTIFS(hijos!B:B,C30,hijos!L:L,1) -> 0 | Q30: =SUM(M30:P30) -> 0 | R30: {=XLOOKUP(C30,datos_personales[id:],datos_personales[Tel. Contacto:],"no dato",0,1)} -> 1173662195 | S30: {=XLOOKUP(C30,datos_personales[id:],datos_personales[E-Mail:],"no dato",0,1)} -> nikkoxeneixe@gmail.com | T30: {=XLOOKUP(R30,telefonos_afiliados[numeros_loys],telefonos_afiliados[esta],"no esta",0,1)} -> 1
C31: =datos_personales[id:] -> 30440348 | D31: {=XLOOKUP(C31,datos_laborales[clave_foranea],datos_laborales[Relacion de Dependencia],"dato no encontrado",0,1)} -> monotributista | E31: {=XLOOKUP(C31,datos_delegados[clave_foranea:],datos_delegados[En Actividad]," ",0,1)} | F31: {=CONCATENATE(XLOOKUP(C31,datos_personales[id:],datos_personales[Apellido:],"no dato",0,1),", ",XLOOKUP(C31,datos_personales[id:],datos_personales[Nombre],"no dato",0,1))} -> gimenez, monica susana | G31: {=XLOOKUP(C31,datos_laborales[clave_foranea],datos_laborales[N° De Legajo],"no dato",0,1)} -> 766 | H31: {=XLOOKUP(C31,datos_laborales[clave_foranea], datos_laborales[Inicio Actividad:],"no dato",0,1)} -> 42736 | I31: {=XLOOKUP(C31,datos_laborales[clave_foranea],datos_laborales[Años en Actividad:],"no dato",0,1)} -> 8 | J31: {=XLOOKUP(C31,datos_personales[id:],datos_personales[D.n.i:],"no dato",0,1)} -> 30440348 | K31: {=XLOOKUP(C31,datos_personales[id:],datos_personales[Fecha Nacimiento:],"no dato",0,1)} -> 27746 | L31: =COUNTIF(hijos!B:B,C31) -> 0 | M31: =COUNTIFS(hijos!B:B,C31,hijos!I:I,1) -> 0 | N31: =COUNTIFS(hijos!B:B,C31,hijos!J:J,1) -> 0 | O31: =COUNTIFS(hijos!B:B,C31,hijos!K:K,1) -> 0 | P31: =COUNTIFS(hijos!B:B,C31,hijos!L:L,1) -> 0 | Q31: =SUM(M31:P31) -> 0 | R31: {=XLOOKUP(C31,datos_personales[id:],datos_personales[Tel. Contacto:],"no dato",0,1)} -> 1160234773 | S31: {=XLOOKUP(C31,datos_personales[id:],datos_personales[E-Mail:],"no dato",0,1)} -> moni_181275@hotmail.com | T31: {=XLOOKUP(R31,telefonos_afiliados[numeros_loys],telefonos_afiliados[esta],"no esta",0,1)} -> 1
C32: =datos_personales[id:] -> 30211914 | D32: {=XLOOKUP(C32,datos_laborales[clave_foranea],datos_laborales[Relacion de Dependencia],"dato no encontrado",0,1)} -> monotributista | E32: {=XLOOKUP(C32,datos_delegados[clave_foranea:],datos_delegados[En Actividad]," ",0,1)} | F32: {=CONCATENATE(XLOOKUP(C32,datos_personales[id:],datos_personales[Apellido:],"no dato",0,1),", ",XLOOKUP(C32,datos_personales[id:],datos_personales[Nombre],"no dato",0,1))} -> jaime, emilse solange | G32: {=XLOOKUP(C32,datos_laborales[clave_foranea],datos_laborales[N° De Legajo],"no dato",0,1)} -> 2290 | H32: {=XLOOKUP(C32,datos_laborales[clave_foranea], datos_laborales[Inicio Actividad:],"no dato",0,1)} -> 45034 | I32: {=XLOOKUP(C32,datos_laborales[clave_foranea],datos_laborales[Años en Actividad:],"no dato",0,1)} -> 2 | J32: {=XLOOKUP(C32,datos_personales[id:],datos_personales[D.n.i:],"no dato",0,1)} -> 30211914 | K32: {=XLOOKUP(C32,datos_personales[id:],datos_personales[Fecha Nacimiento:],"no dato",0,1)} -> 30410 | L32: =COUNTIF(hijos!B:B,C32) -> 1 | M32: =COUNTIFS(hijos!B:B,C32,hijos!I:I,1) -> 0 | N32: =COUNTIFS(hijos!B:B,C32,hijos!J:J,1) -> 0 | O32: =COUNTIFS(hijos!B:B,C32,hijos!K:K,1) -> 0 | P32: =COUNTIFS(hijos!B:B,C32,hijos!L:L,1) -> 1 | Q32: =SUM(M32:P32) -> 1 | R32: {=XLOOKUP(C32,datos_personales[id:],datos_personales[Tel. Contacto:],"no dato",0,1)} -> 1539209596 | S32: {=XLOOKUP(C32,datos_personales[id:],datos_personales[E-Mail:],"no dato",0,1)} -> emilse_jaime@hotmail.com | T32: {=XLOOKUP(R32,telefonos_afiliados[numeros_loys],telefonos_afiliados[esta],"no esta",0,1)} -> no esta
C33: =datos_personales[id:] -> 40873767 | D33: {=XLOOKUP(C33,datos_laborales[clave_foranea],datos_laborales[Relacion de Dependencia],"dato no encontrado",0,1)} -> monotributista | E33: {=XLOOKUP(C33,datos_delegados[clave_foranea:],datos_delegados[En Actividad]," ",0,1)} | F33: {=CONCATENATE(XLOOKUP(C33,datos_personales[id:],datos_personales[Apellido:],"no dato",0,1),", ",XLOOKUP(C33,datos_personales[id:],datos_personales[Nombre],"no dato",0,1))} -> tuzes, maria ester | G33: {=XLOOKUP(C33,datos_laborales[clave_foranea],datos_laborales[N° De Legajo],"no dato",0,1)} -> 2376 | H33: {=XLOOKUP(C33,datos_laborales[clave_foranea], datos_laborales[Inicio Actividad:],"no dato",0,1)} -> 45020 | I33: {=XLOOKUP(C33,datos_laborales[clave_foranea],datos_laborales[Años en Actividad:],"no dato",0,1)} -> 2 | J33: {=XLOOKUP(C33,datos_personales[id:],datos_personales[D.n.i:],"no dato",0,1)} -> 40873767 | K33: {=XLOOKUP(C33,datos_personales[id:],datos_personales[Fecha Nacimiento:],"no dato",0,1)} -> 32635 | L33: =COUNTIF(hijos!B:B,C33) -> 2 | M33: =COUNTIFS(hijos!B:B,C33,hijos!I:I,1) -> 0 | N33: =COUNTIFS(hijos!B:B,C33,hijos!J:J,1) -> 0 | O33: =COUNTIFS(hijos!B:B,C33,hijos!K:K,1) -> 1 | P33: =COUNTIFS(hijos!B:B,C33,hijos!L:L,1) -> 1 | Q33: =SUM(M33:P33) -> 2 | R33: {=XLOOKUP(C33,datos_personales[id:],datos_personales[Tel. Contacto:],"no dato",0,1)} -> 1140554236 | S33: {=XLOOKUP(C33,datos_personales[id:],datos_personales[E-Mail:],"no dato",0,1)} -> martuzesesterm@gmail.com | T33: {=XLOOKUP(R33,telefonos_afiliados[numeros_loys],telefonos_afiliados[esta],"no esta",0,1)} -> 1 | U33: {=XLOOKUP(C33,datos_laborales[id:],datos_laborales[renuncio],"no dato",0,1)} -> no dato | V33: {=XLOOKUP(C33,datos_laborales[clave_foranea],datos_laborales[tiene_ficha_pdf],"no tiene ficha pdf",0,1)} -> no tiene en pdf
C34: =datos_personales[id:] -> 94075255 | D34: {=XLOOKUP(C34,datos_laborales[clave_foranea],datos_laborales[Relacion de Dependencia],"dato no encontrado",0,1)} -> monotributista | E34: {=XLOOKUP(C34,datos_delegados[clave_foranea:],datos_delegados[En Actividad]," ",0,1)} | F34: {=CONCATENATE(XLOOKUP(C34,datos_personales[id:],datos_personales[Apellido:],"no dato",0,1),", ",XLOOKUP(C34,datos_personales[id:],datos_personales[Nombre],"no dato",0,1))} -> benittez, mirian celeste | G34: {=XLOOKUP(C34,datos_laborales[clave_foranea],datos_laborales[N° De Legajo],"no dato",0,1)} -> 3106 | H34: {=XLOOKUP(C34,datos_laborales[clave_foranea], datos_laborales[Inicio Actividad:],"no dato",0,1)} -> 45290 | I34: {=XLOOKUP(C34,datos_laborales[clave_foranea],datos_laborales[Años en Actividad:],"no dato",0,1)} -> 2 | J34: {=XLOOKUP(C34,datos_personales[id:],datos_personales[D.n.i:],"no dato",0,1)} -> 94075255 | K34: {=XLOOKUP(C34,datos_personales[id:],datos_personales[Fecha Nacimiento:],"no dato",0,1)} -> 27897 | L34: =COUNTIF(hijos!B:B,C34) -> 0 | M34: =COUNTIFS(hijos!B:B,C34,hijos!I:I,1) -> 0 | N34: =COUNTIFS(hijos!B:B,C34,hijos!J:J,1) -> 0 | O34: =COUNTIFS(hijos!B:B,C34,hijos!K:K,1) -> 0 | P34: =COUNTIFS(hijos!B:B,C34,hijos!L:L,1) -> 0 | Q34: =SUM(M34:P34) -> 0 | R34: {=XLOOKUP(C34,datos_personales[id:],datos_personales[Tel. Contacto:],"no dato",0,1)} -> 1161619314 | S34: {=XLOOKUP(C34,datos_personales[id:],datos_personales[E-Mail:],"no dato",0,1)} -> micebe2017@gmail.com | T34: {=XLOOKUP(R34,telefonos_afiliados[numeros_loys],telefonos_afiliados[esta],"no esta",0,1)} -> 1
C35: =datos_personales[id:] -> 29064893 | D35: {=XLOOKUP(C35,datos_laborales[clave_foranea],datos_laborales[Relacion de Dependencia],"dato no encontrado",0,1)} -> monotributista | E35: {=XLOOKUP(C35,datos_delegados[clave_foranea:],datos_delegados[En Actividad]," ",0,1)} -> 1 | F35: {=CONCATENATE(XLOOKUP(C35,datos_personales[id:],datos_personales[Apellido:],"no dato",0,1),", ",XLOOKUP(C35,datos_personales[id:],datos_personales[Nombre],"no dato",0,1))} -> aquino, emilio javier | G35: {=XLOOKUP(C35,datos_laborales[clave_foranea],datos_laborales[N° De Legajo],"no dato",0,1)} -> 1677 | H35: {=XLOOKUP(C35,datos_laborales[clave_foranea], datos_laborales[Inicio Actividad:],"no dato",0,1)} -> 43617 | I35: {=XLOOKUP(C35,datos_laborales[clave_foranea],datos_laborales[Años en Actividad:],"no dato",0,1)} -> 6 | J35: {=XLOOKUP(C35,datos_personales[id:],datos_personales[D.n.i:],"no dato",0,1)} -> 29064893 | K35: {=XLOOKUP(C35,datos_personales[id:],datos_personales[Fecha Nacimiento:],"no dato",0,1)} -> 29845 | L35: =COUNTIF(hijos!B:B,C35) -> 3 | M35: =COUNTIFS(hijos!B:B,C35,hijos!I:I,1) -> 0 | N35: =COUNTIFS(hijos!B:B,C35,hijos!J:J,1) -> 0 | O35: =COUNTIFS(hijos!B:B,C35,hijos!K:K,1) -> 1 | P35: =COUNTIFS(hijos!B:B,C35,hijos!L:L,1) -> 2 | Q35: =SUM(M35:P35) -> 3 | R35: {=XLOOKUP(C35,datos_personales[id:],datos_personales[Tel. Contacto:],"no dato",0,1)} -> 1125208147 | S35: {=XLOOKUP(C35,datos_personales[id:],datos_personales[E-Mail:],"no dato",0,1)} -> aquinoemiliojavier@gmail.com | T35: {=XLOOKUP(R35,telefonos_afiliados[numeros_loys],telefonos_afiliados[esta],"no esta",0,1)} -> 1 | U35: {=XLOOKUP(C35,datos_laborales[id:],datos_laborales[renuncio],"no dato",0,1)} -> no dato
C36: =datos_personales[id:] -> 37388128 | D36: {=XLOOKUP(C36,datos_laborales[clave_foranea],datos_laborales[Relacion de Dependencia],"dato no encontrado",0,1)} -> Monotributista | E36: {=XLOOKUP(C36,datos_delegados[clave_foranea:],datos_delegados[En Actividad]," ",0,1)} -> 1 | F36: {=CONCATENATE(XLOOKUP(C36,datos_personales[id:],datos_personales[Apellido:],"no dato",0,1),", ",XLOOKUP(C36,datos_personales[id:],datos_personales[Nombre],"no dato",0,1))} -> caballero reyna, manuel ignacio | G36: {=XLOOKUP(C36,datos_laborales[clave_foranea],datos_laborales[N° De Legajo],"no dato",0,1)} -> 1112 | H36: {=XLOOKUP(C36,datos_laborales[clave_foranea], datos_laborales[Inicio Actividad:],"no dato",0,1)} -> 42948 | I36: {=XLOOKUP(C36,datos_laborales[clave_foranea],datos_laborales[Años en Actividad:],"no dato",0,1)} -> 8 | J36: {=XLOOKUP(C36,datos_personales[id:],datos_personales[D.n.i:],"no dato",0,1)} -> 37388128 | K36: {=XLOOKUP(C36,datos_personales[id:],datos_personales[Fecha Nacimiento:],"no dato",0,1)} | L36: =COUNTIF(hijos!B:B,C36) -> 3 | M36: =COUNTIFS(hijos!B:B,C36,hijos!I:I,1) -> 0 | N36: =COUNTIFS(hijos!B:B,C36,hijos!J:J,1) -> 1 | O36: =COUNTIFS(hijos!B:B,C36,hijos!K:K,1) -> 1 | P36: =COUNTIFS(hijos!B:B,C36,hijos!L:L,1) -> 1 | Q36: =SUM(M36:P36) -> 3 | R36: {=XLOOKUP(C36,datos_personales[id:],datos_personales[Tel. Contacto:],"no dato",0,1)} -> 1169729268 | S36: {=XLOOKUP(C36,datos_personales[id:],datos_personales[E-Mail:],"no dato",0,1)} -> manucaballeroreyna2015@gmail.com | T36: {=XLOOKUP(R36,telefonos_afiliados[numeros_loys],telefonos_afiliados[esta],"no esta",0,1)} -> no esta | U36: {=XLOOKUP(C36,datos_laborales[id:],datos_laborales[renuncio],"no dato",0,1)} -> no dato
C37: =datos_personales[id:] -> 31403780 | D37: {=XLOOKUP(C37,datos_laborales[clave_foranea],datos_laborales[Relacion de Dependencia],"dato no encontrado",0,1)} -> Monotributista | E37: {=XLOOKUP(C37,datos_delegados[clave_foranea:],datos_delegados[En Actividad]," ",0,1)} | F37: {=CONCATENATE(XLOOKUP(C37,datos_personales[id:],datos_personales[Apellido:],"no dato",0,1),", ",XLOOKUP(C37,datos_personales[id:],datos_personales[Nombre],"no dato",0,1))} -> cardozo, gladys mabel | G37: {=XLOOKUP(C37,datos_laborales[clave_foranea],datos_laborales[N° De Legajo],"no dato",0,1)} -> 729 | H37: {=XLOOKUP(C37,datos_laborales[clave_foranea], datos_laborales[Inicio Actividad:],"no dato",0,1)} -> 42948 | I37: {=XLOOKUP(C37,datos_laborales[clave_foranea],datos_laborales[Años en Actividad:],"no dato",0,1)} -> 8 | J37: {=XLOOKUP(C37,datos_personales[id:],datos_personales[D.n.i:],"no dato",0,1)} -> 31403780 | K37: {=XLOOKUP(C37,datos_personales[id:],datos_personales[Fecha Nacimiento:],"no dato",0,1)} -> 31012 | L37: =COUNTIF(hijos!B:B,C37) -> 2 | M37: =COUNTIFS(hijos!B:B,C37,hijos!I:I,1) -> 0 | N37: =COUNTIFS(hijos!B:B,C37,hijos!J:J,1) -> 0 | O37: =COUNTIFS(hijos!B:B,C37,hijos!K:K,1) -> 1 | P37: =COUNTIFS(hijos!B:B,C37,hijos!L:L,1) -> 1 | Q37: =SUM(M37:P37) -> 2 | R37: {=XLOOKUP(C37,datos_personales[id:],datos_personales[Tel. Contacto:],"no dato",0,1)} -> 1137920163 | S37: {=XLOOKUP(C37,datos_personales[id:],datos_personales[E-Mail:],"no dato",0,1)} -> mabu21@gmail.com | T37: {=XLOOKUP(R37,telefonos_afiliados[numeros_loys],telefonos_afiliados[esta],"no esta",0,1)} -> no esta | U37: {=XLOOKUP(C37,datos_laborales[id:],datos_laborales[renuncio],"no dato",0,1)} -> no dato | V37: {=XLOOKUP(C37,datos_laborales[clave_foranea],datos_laborales[tiene_ficha_pdf],"no tiene ficha pdf",0,1)} -> no tiene en pdf
C38: =datos_personales[id:] -> 41917769 | D38: {=XLOOKUP(C38,datos_laborales[clave_foranea],datos_laborales[Relacion de Dependencia],"dato no encontrado",0,1)} -> Monotributista | E38: {=XLOOKUP(C38,datos_delegados[clave_foranea:],datos_delegados[En Actividad]," ",0,1)} | F38: {=CONCATENATE(XLOOKUP(C38,datos_personales[id:],datos_personales[Apellido:],"no dato",0,1),", ",XLOOKUP(C38,datos_personales[id:],datos_personales[Nombre],"no dato",0,1))} -> cipriano, facundo nicolas | G38: {=XLOOKUP(C38,datos_laborales[clave_foranea],datos_laborales[N° De Legajo],"no dato",0,1)} -> 1923 | H38: {=XLOOKUP(C38,datos_laborales[clave_foranea], datos_laborales[Inicio Actividad:],"no dato",0,1)} -> 44713 | I38: {=XLOOKUP(C38,datos_laborales[clave_foranea],datos_laborales[Años en Actividad:],"no dato",0,1)} -> 3 | J38: {=XLOOKUP(C38,datos_personales[id:],datos_personales[D.n.i:],"no dato",0,1)} -> 41917769 | K38: {=XLOOKUP(C38,datos_personales[id:],datos_personales[Fecha Nacimiento:],"no dato",0,1)} | L38: =COUNTIF(hijos!B:B,C38) -> 0 | M38: =COUNTIFS(hijos!B:B,C38,hijos!I:I,1) -> 0 | N38: =COUNTIFS(hijos!B:B,C38,hijos!J:J,1) -> 0 | O38: =COUNTIFS(hijos!B:B,C38,hijos!K:K,1) -> 0 | P38: =COUNTIFS(hijos!B:B,C38,hijos!L:L,1) -> 0 | Q38: =SUM(M38:P38) -> 0 | R38: {=XLOOKUP(C38,datos_personales[id:],datos_personales[Tel. Contacto:],"no dato",0,1)} -> 1134858925 | S38: {=XLOOKUP(C38,datos_personales[id:],datos_personales[E-Mail:],"no dato",0,1)} -> ciprianofacundonicolas@gmail.com | T38: {=XLOOKUP(R38,telefonos_afiliados[numeros_loys],telefonos_afiliados[esta],"no esta",0,1)} -> 1 | U38: {=XLOOKUP(C38,datos_personales[id:],datos_laborales[renuncio],"no dato",0,1)} -> #N/A | V38: {=XLOOKUP(C38,datos_laborales[clave_foranea],datos_laborales[tiene_ficha_pdf],"no tiene ficha pdf",0,1)} -> 1
C39: =datos_personales[id:] -> 22826482 | D39: {=XLOOKUP(C39,datos_laborales[clave_foranea],datos_laborales[Relacion de Dependencia],"dato no encontrado",0,1)} -> Planta Permanente | E39: {=XLOOKUP(C39,datos_delegados[clave_foranea:],datos_delegados[En Actividad]," ",0,1)} -> 1 | F39: {=CONCATENATE(XLOOKUP(C39,datos_personales[id:],datos_personales[Apellido:],"no dato",0,1),", ",XLOOKUP(C39,datos_personales[id:],datos_personales[Nombre],"no dato",0,1))} -> corarelu, alejandra | G39: {=XLOOKUP(C39,datos_laborales[clave_foranea],datos_laborales[N° De Legajo],"no dato",0,1)} -> 130 | H39: {=XLOOKUP(C39,datos_laborales[clave_foranea], datos_laborales[Inicio Actividad:],"no dato",0,1)} -> 42675 | I39: {=XLOOKUP(C39,datos_laborales[clave_foranea],datos_laborales[Años en Actividad:],"no dato",0,1)} -> 9 | J39: {=XLOOKUP(C39,datos_personales[id:],datos_personales[D.n.i:],"no dato",0,1)} -> 22826482 | K39: {=XLOOKUP(C39,datos_personales[id:],datos_personales[Fecha Nacimiento:],"no dato",0,1)} -> 26532 | L39: =COUNTIF(hijos!B:B,C39) -> 2 | M39: =COUNTIFS(hijos!B:B,C39,hijos!I:I,1) -> 0 | N39: =COUNTIFS(hijos!B:B,C39,hijos!J:J,1) -> 0 | O39: =COUNTIFS(hijos!B:B,C39,hijos!K:K,1) -> 0 | P39: =COUNTIFS(hijos!B:B,C39,hijos!L:L,1) -> 2 | Q39: =SUM(M39:P39) -> 2 | R39: {=XLOOKUP(C39,datos_personales[id:],datos_personales[Tel. Contacto:],"no dato",0,1)} -> 1166482926 | S39: {=XLOOKUP(C39,datos_personales[id:],datos_personales[E-Mail:],"no dato",0,1)} -> alejandracorarelu@hotmail.com | T39: {=XLOOKUP(R39,telefonos_afiliados[numeros_loys],telefonos_afiliados[esta],"no esta",0,1)} -> 1 | U39: {=XLOOKUP(C39,datos_personales[id:],datos_laborales[renuncio],"no dato",0,1)} -> #N/A | V39: {=XLOOKUP(C39,datos_laborales[clave_foranea],datos_laborales[tiene_ficha_pdf],"no tiene ficha pdf",0,1)} -> no tiene en pdf
C40: =datos_personales[id:] -> 37060301 | D40: {=XLOOKUP(C40,datos_laborales[clave_foranea],datos_laborales[Relacion de Dependencia],"dato no encontrado",0,1)} -> Monotributista | E40: {=XLOOKUP(C40,datos_delegados[clave_foranea:],datos_delegados[En Actividad]," ",0,1)} | F40: {=CONCATENATE(XLOOKUP(C40,datos_personales[id:],datos_personales[Apellido:],"no dato",0,1),", ",XLOOKUP(C40,datos_personales[id:],datos_personales[Nombre],"no dato",0,1))} -> coronel, alejandra noemi | G40: {=XLOOKUP(C40,datos_laborales[clave_foranea],datos_laborales[N° De Legajo],"no dato",0,1)} -> 2883 | H40: {=XLOOKUP(C40,datos_laborales[clave_foranea], datos_laborales[Inicio Actividad:],"no dato",0,1)} | I40: {=XLOOKUP(C40,datos_laborales[clave_foranea],datos_laborales[Años en Actividad:],"no dato",0,1)} -> 126 | J40: {=XLOOKUP(C40,datos_personales[id:],datos_personales[D.n.i:],"no dato",0,1)} -> 37060301 | K40: {=XLOOKUP(C40,datos_personales[id:],datos_personales[Fecha Nacimiento:],"no dato",0,1)} -> 34084 | L40: =COUNTIF(hijos!B:B,C40) -> 2 | M40: =COUNTIFS(hijos!B:B,C40,hijos!I:I,1) -> 0 | N40: =COUNTIFS(hijos!B:B,C40,hijos!J:J,1) -> 0 | O40: =COUNTIFS(hijos!B:B,C40,hijos!K:K,1) -> 0 | P40: =COUNTIFS(hijos!B:B,C40,hijos!L:L,1) -> 2 | Q40: =SUM(M40:P40) -> 2 | R40: {=XLOOKUP(C40,datos_personales[id:],datos_personales[Tel. Contacto:],"no dato",0,1)} | S40: {=XLOOKUP(C40,datos_personales[id:],datos_personales[E-Mail:],"no dato",0,1)} -> coronel.alejandra21n@gmail.com | T40: {=XLOOKUP(R40,telefonos_afiliados[numeros_loys],telefonos_afiliados[esta],"no esta",0,1)} -> no esta | U40: {=XLOOKUP(C40,datos_personales[id:],datos_laborales[renuncio],"no dato",0,1)} -> #N/A
C41: =datos_personales[id:] -> 21130792 | D41: {=XLOOKUP(C41,datos_laborales[clave_foranea],datos_laborales[Relacion de Dependencia],"dato no encontrado",0,1)} -> Monotributista | E41: {=XLOOKUP(C41,datos_delegados[clave_foranea:],datos_delegados[En Actividad]," ",0,1)} | F41: {=CONCATENATE(XLOOKUP(C41,datos_personales[id:],datos_personales[Apellido:],"no dato",0,1),", ",XLOOKUP(C41,datos_personales[id:],datos_personales[Nombre],"no dato",0,1))} -> declavio, maría cristina | G41: {=XLOOKUP(C41,datos_laborales[clave_foranea],datos_laborales[N° De Legajo],"no dato",0,1)} -> 1579 | H41: {=XLOOKUP(C41,datos_laborales[clave_foranea], datos_laborales[Inicio Actividad:],"no dato",0,1)} -> 43497 | I41: {=XLOOKUP(C41,datos_laborales[clave_foranea],datos_laborales[Años en Actividad:],"no dato",0,1)} -> 6 | J41: {=XLOOKUP(C41,datos_personales[id:],datos_personales[D.n.i:],"no dato",0,1)} -> 21130792 | K41: {=XLOOKUP(C41,datos_personales[id:],datos_personales[Fecha Nacimiento:],"no dato",0,1)} -> 22594 | L41: =COUNTIF(hijos!B:B,C41) -> 0 | M41: =COUNTIFS(hijos!B:B,C41,hijos!I:I,1) -> 0 | N41: =COUNTIFS(hijos!B:B,C41,hijos!J:J,1) -> 0 | O41: =COUNTIFS(hijos!B:B,C41,hijos!K:K,1) -> 0 | P41: =COUNTIFS(hijos!B:B,C41,hijos!L:L,1) -> 0 | Q41: =SUM(M41:P41) -> 0 | R41: {=XLOOKUP(C41,datos_personales[id:],datos_personales[Tel. Contacto:],"no dato",0,1)} -> 1161062052 | S41: {=XLOOKUP(C41,datos_personales[id:],datos_personales[E-Mail:],"no dato",0,1)} -> Cristinadecla61@gmail .com | T41: {=XLOOKUP(R41,telefonos_afiliados[numeros_loys],telefonos_afiliados[esta],"no esta",0,1)} -> no esta | U41: {=XLOOKUP(C41,datos_personales[id:],datos_laborales[renuncio],"no dato",0,1)} -> #N/A | V41: {=XLOOKUP(C41,datos_laborales[clave_foranea],datos_laborales[tiene_ficha_pdf],"no tiene ficha pdf",0,1)} -> no tiene en pdf
C42: =datos_personales[id:] -> 24033237 | D42: {=XLOOKUP(C42,datos_laborales[clave_foranea],datos_laborales[Relacion de Dependencia],"dato no encontrado",0,1)} -> Planta Transitoria | E42: {=XLOOKUP(C42,datos_delegados[clave_foranea:],datos_delegados[En Actividad]," ",0,1)} -> 1 | F42: {=CONCATENATE(XLOOKUP(C42,datos_personales[id:],datos_personales[Apellido:],"no dato",0,1),", ",XLOOKUP(C42,datos_personales[id:],datos_personales[Nombre],"no dato",0,1))} -> delluniversidad, gabriela andrea | G42: {=XLOOKUP(C42,datos_laborales[clave_foranea],datos_laborales[N° De Legajo],"no dato",0,1)} -> 303 | H42: {=XLOOKUP(C42,datos_laborales[clave_foranea], datos_laborales[Inicio Actividad:],"no dato",0,1)} -> 42983 | I42: {=XLOOKUP(C42,datos_laborales[clave_foranea],datos_laborales[Años en Actividad:],"no dato",0,1)} -> 8 | J42: {=XLOOKUP(C42,datos_personales[id:],datos_personales[D.n.i:],"no dato",0,1)} -> 24033237 | K42: {=XLOOKUP(C42,datos_personales[id:],datos_personales[Fecha Nacimiento:],"no dato",0,1)} -> 27233 | L42: =COUNTIF(hijos!B:B,C42) -> 2 | M42: =COUNTIFS(hijos!B:B,C42,hijos!I:I,1) -> 0 | N42: =COUNTIFS(hijos!B:B,C42,hijos!J:J,1) -> 0 | O42: =COUNTIFS(hijos!B:B,C42,hijos!K:K,1) -> 0 | P42: =COUNTIFS(hijos!B:B,C42,hijos!L:L,1) -> 2 | Q42: =SUM(M42:P42) -> 2 | R42: {=XLOOKUP(C42,datos_personales[id:],datos_personales[Tel. Contacto:],"no dato",0,1)} -> 1125993935 | S42: {=XLOOKUP(C42,datos_personales[id:],datos_personales[E-Mail:],"no dato",0,1)} -> gabanddell.gd@gmail.com | T42: {=XLOOKUP(R42,telefonos_afiliados[numeros_loys],telefonos_afiliados[esta],"no esta",0,1)} -> 1 | U42: {=XLOOKUP(C42,datos_laborales[id:],datos_laborales[renuncio],"no dato",0,1)} -> no dato
C43: =datos_personales[id:] -> 22656778 | D43: {=XLOOKUP(C43,datos_laborales[clave_foranea],datos_laborales[Relacion de Dependencia],"dato no encontrado",0,1)} -> Monotributista | E43: {=XLOOKUP(C43,datos_delegados[clave_foranea:],datos_delegados[En Actividad]," ",0,1)} | F43: {=CONCATENATE(XLOOKUP(C43,datos_personales[id:],datos_personales[Apellido:],"no dato",0,1),", ",XLOOKUP(C43,datos_personales[id:],datos_personales[Nombre],"no dato",0,1))} -> diego, roxana claudia | G43: {=XLOOKUP(C43,datos_laborales[clave_foranea],datos_laborales[N° De Legajo],"no dato",0,1)} -> 1116 | H43: {=XLOOKUP(C43,datos_laborales[clave_foranea], datos_laborales[Inicio Actividad:],"no dato",0,1)} -> 42954 | I43: {=XLOOKUP(C43,datos_laborales[clave_foranea],datos_laborales[Años en Actividad:],"no dato",0,1)} -> 8 | J43: {=XLOOKUP(C43,datos_personales[id:],datos_personales[D.n.i:],"no dato",0,1)} -> 22656778 | K43: {=XLOOKUP(C43,datos_personales[id:],datos_personales[Fecha Nacimiento:],"no dato",0,1)} -> 26429 | L43: =COUNTIF(hijos!B:B,C43) -> 0 | M43: =COUNTIFS(hijos!B:B,C43,hijos!I:I,1) -> 0 | N43: =COUNTIFS(hijos!B:B,C43,hijos!J:J,1) -> 0 | O43: =COUNTIFS(hijos!B:B,C43,hijos!K:K,1) -> 0 | P43: =COUNTIFS(hijos!B:B,C43,hijos!L:L,1) -> 0 | Q43: =SUM(M43:P43) -> 0 | R43: {=XLOOKUP(C43,datos_personales[id:],datos_personales[Tel. Contacto:],"no dato",0,1)} -> 1164681681 | S43: {=XLOOKUP(C43,datos_personales[id:],datos_personales[E-Mail:],"no dato",0,1)} -> roxanadiego@yahoo.com.ar | T43: {=XLOOKUP(R43,telefonos_afiliados[numeros_loys],telefonos_afiliados[esta],"no esta",0,1)} -> 1 | U43: {=XLOOKUP(C43,datos_laborales[id:],datos_laborales[renuncio],"no dato",0,1)} -> no dato | V43: {=XLOOKUP(C43,datos_laborales[clave_foranea],datos_laborales[tiene_ficha_pdf],"no tiene ficha pdf",0,1)} -> 1
C44: =datos_personales[id:] -> 35353668 | D44: {=XLOOKUP(C44,datos_laborales[clave_foranea],datos_laborales[Relacion de Dependencia],"dato no encontrado",0,1)} -> Monotributista | E44: {=XLOOKUP(C44,datos_delegados[clave_foranea:],datos_delegados[En Actividad]," ",0,1)} | F44: {=CONCATENATE(XLOOKUP(C44,datos_personales[id:],datos_personales[Apellido:],"no dato",0,1),", ",XLOOKUP(C44,datos_personales[id:],datos_personales[Nombre],"no dato",0,1))} -> de como, daiana | G44: {=XLOOKUP(C44,datos_laborales[clave_foranea],datos_laborales[N° De Legajo],"no dato",0,1)} -> 1640 | H44: {=XLOOKUP(C44,datos_laborales[clave_foranea], datos_laborales[Inicio Actividad:],"no dato",0,1)} -> 43525 | I44: {=XLOOKUP(C44,datos_laborales[clave_foranea],datos_laborales[Años en Actividad:],"no dato",0,1)} -> 6 | J44: {=XLOOKUP(C44,datos_personales[id:],datos_personales[D.n.i:],"no dato",0,1)} -> 35353668 | K44: {=XLOOKUP(C44,datos_personales[id:],datos_personales[Fecha Nacimiento:],"no dato",0,1)} -> 33236 | L44: =COUNTIF(hijos!B:B,C44) -> 0 | M44: =COUNTIFS(hijos!B:B,C44,hijos!I:I,1) -> 0 | N44: =COUNTIFS(hijos!B:B,C44,hijos!J:J,1) -> 0 | O44: =COUNTIFS(hijos!B:B,C44,hijos!K:K,1) -> 0 | P44: =COUNTIFS(hijos!B:B,C44,hijos!L:L,1) -> 0 | Q44: =SUM(M44:P44) -> 0 | R44: {=XLOOKUP(C44,datos_personales[id:],datos_personales[Tel. Contacto:],"no dato",0,1)} | S44: {=XLOOKUP(C44,datos_personales[id:],datos_personales[E-Mail:],"no dato",0,1)} -> Daiana.decomo@gmail.com | T44: {=XLOOKUP(R44,telefonos_afiliados[numeros_loys],telefonos_afiliados[esta],"no esta",0,1)} -> no esta
C45: =datos_personales[id:] -> 21981832 | D45: {=XLOOKUP(C45,datos_laborales[clave_foranea],datos_laborales[Relacion de Dependencia],"dato no encontrado",0,1)} -> Monotributista | E45: {=XLOOKUP(C45,datos_delegados[clave_foranea:],datos_delegados[En Actividad]," ",0,1)} | F45: {=CONCATENATE(XLOOKUP(C45,datos_personales[id:],datos_personales[Apellido:],"no dato",0,1),", ",XLOOKUP(C45,datos_personales[id:],datos_personales[Nombre],"no dato",0,1))} -> digangi, stella maris | G45: {=XLOOKUP(C45,datos_laborales[clave_foranea],datos_laborales[N° De Legajo],"no dato",0,1)} -> 2447 | H45: {=XLOOKUP(C45,datos_laborales[clave_foranea], datos_laborales[Inicio Actividad:],"no dato",0,1)} | I45: {=XLOOKUP(C45,datos_laborales[clave_foranea],datos_laborales[Años en Actividad:],"no dato",0,1)} -> 126 | J45: {=XLOOKUP(C45,datos_personales[id:],datos_personales[D.n.i:],"no dato",0,1)} -> 21981832 | K45: {=XLOOKUP(C45,datos_personales[id:],datos_personales[Fecha Nacimiento:],"no dato",0,1)} -> 25929 | L45: =COUNTIF(hijos!B:B,C45) -> 0 | M45: =COUNTIFS(hijos!B:B,C45,hijos!I:I,1) -> 0 | N45: =COUNTIFS(hijos!B:B,C45,hijos!J:J,1) -> 0 | O45: =COUNTIFS(hijos!B:B,C45,hijos!K:K,1) -> 0 | P45: =COUNTIFS(hijos!B:B,C45,hijos!L:L,1) -> 0 | Q45: =SUM(M45:P45) -> 0 | R45: {=XLOOKUP(C45,datos_personales[id:],datos_personales[Tel. Contacto:],"no dato",0,1)} -> 1149742514 | S45: {=XLOOKUP(C45,datos_personales[id:],datos_personales[E-Mail:],"no dato",0,1)} -> digangistella@gmail.com | T45: {=XLOOKUP(R45,telefonos_afiliados[numeros_loys],telefonos_afiliados[esta],"no esta",0,1)} -> 1 | U45: {=XLOOKUP(C45,datos_personales[id:],datos_laborales[renuncio],"no dato",0,1)} -> #N/A | V45: {=XLOOKUP(C45,datos_laborales[clave_foranea],datos_laborales[tiene_ficha_pdf],"no tiene ficha pdf",0,1)} -> no tiene en pdf
C46: =datos_personales[id:] -> 41639943 | D46: {=XLOOKUP(C46,datos_laborales[clave_foranea],datos_laborales[Relacion de Dependencia],"dato no encontrado",0,1)} -> Monotributista | E46: {=XLOOKUP(C46,datos_delegados[clave_foranea:],datos_delegados[En Actividad]," ",0,1)} | F46: {=CONCATENATE(XLOOKUP(C46,datos_personales[id:],datos_personales[Apellido:],"no dato",0,1),", ",XLOOKUP(C46,datos_personales[id:],datos_personales[Nombre],"no dato",0,1))} -> diosquez, sheila nahir | G46: {=XLOOKUP(C46,datos_laborales[clave_foranea],datos_laborales[N° De Legajo],"no dato",0,1)} -> 2449 | H46: {=XLOOKUP(C46,datos_laborales[clave_foranea], datos_laborales[Inicio Actividad:],"no dato",0,1)} | I46: {=XLOOKUP(C46,datos_laborales[clave_foranea],datos_laborales[Años en Actividad:],"no dato",0,1)} -> 126 | J46: {=XLOOKUP(C46,datos_personales[id:],datos_personales[D.n.i:],"no dato",0,1)} -> 41639943 | K46: {=XLOOKUP(C46,datos_personales[id:],datos_personales[Fecha Nacimiento:],"no dato",0,1)} -> 36121 | L46: =COUNTIF(hijos!B:B,C46) -> 0 | M46: =COUNTIFS(hijos!B:B,C46,hijos!I:I,1) -> 0 | N46: =COUNTIFS(hijos!B:B,C46,hijos!J:J,1) -> 0 | O46: =COUNTIFS(hijos!B:B,C46,hijos!K:K,1) -> 0 | P46: =COUNTIFS(hijos!B:B,C46,hijos!L:L,1) -> 0 | Q46: =SUM(M46:P46) -> 0 | R46: {=XLOOKUP(C46,datos_personales[id:],datos_personales[Tel. Contacto:],"no dato",0,1)} -> 1158059413 | S46: {=XLOOKUP(C46,datos_personales[id:],datos_personales[E-Mail:],"no dato",0,1)} -> sheiladiosquez98@gmail.com | T46: {=XLOOKUP(R46,telefonos_afiliados[numeros_loys],telefonos_afiliados[esta],"no esta",0,1)} -> 1 | U46: {=XLOOKUP(C46,datos_laborales[id:],datos_laborales[renuncio],"no dato",0,1)} -> no dato | V46: {=XLOOKUP(C46,datos_laborales[clave_foranea],datos_laborales[tiene_ficha_pdf],"no tiene ficha pdf",0,1)} -> no tiene en pdf
C47: =datos_personales[id:] -> 32404463 | D47: {=XLOOKUP(C47,datos_laborales[clave_foranea],datos_laborales[Relacion de Dependencia],"dato no encontrado",0,1)} -> Monotributista | E47: {=XLOOKUP(C47,datos_delegados[clave_foranea:],datos_delegados[En Actividad]," ",0,1)} | F47: {=CONCATENATE(XLOOKUP(C47,datos_personales[id:],datos_personales[Apellido:],"no dato",0,1),", ",XLOOKUP(C47,datos_personales[id:],datos_personales[Nombre],"no dato",0,1))} -> d' agostino, leandro | G47: {=XLOOKUP(C47,datos_laborales[clave_foranea],datos_laborales[N° De Legajo],"no dato",0,1)} | H47: {=XLOOKUP(C47,datos_laborales[clave_foranea], datos_laborales[Inicio Actividad:],"no dato",0,1)} | I47: {=XLOOKUP(C47,datos_laborales[clave_foranea],datos_laborales[Años en Actividad:],"no dato",0,1)} -> 126 | J47: {=XLOOKUP(C47,datos_personales[id:],datos_personales[D.n.i:],"no dato",0,1)} -> 32404463 | K47: {=XLOOKUP(C47,datos_personales[id:],datos_personales[Fecha Nacimiento:],"no dato",0,1)} | L47: =COUNTIF(hijos!B:B,C47) -> 0 | M47: =COUNTIFS(hijos!B:B,C47,hijos!I:I,1) -> 0 | N47: =COUNTIFS(hijos!B:B,C47,hijos!J:J,1) -> 0 | O47: =COUNTIFS(hijos!B:B,C47,hijos!K:K,1) -> 0 | P47: =COUNTIFS(hijos!B:B,C47,hijos!L:L,1) -> 0 | Q47: =SUM(M47:P47) -> 0 | R47: {=XLOOKUP(C47,datos_personales[id:],datos_personales[Tel. Contacto:],"no dato",0,1)} | S47: {=XLOOKUP(C47,datos_personales[id:],datos_personales[E-Mail:],"no dato",0,1)} | T47: {=XLOOKUP(R47,telefonos_afiliados[numeros_loys],telefonos_afiliados[esta],"no esta",0,1)} -> no esta | U47: {=XLOOKUP(C47,datos_laborales[id:],datos_laborales[renuncio],"no dato",0,1)} -> no dato | V47: {=XLOOKUP(C47,datos_laborales[clave_foranea],datos_laborales[tiene_ficha_pdf],"no tiene ficha pdf",0,1)} -> no tiene en pdf
C48: =datos_personales[id:] -> 36786519 | D48: {=XLOOKUP(C48,datos_laborales[clave_foranea],datos_laborales[Relacion de Dependencia],"dato no encontrado",0,1)} -> Monotributista | E48: {=XLOOKUP(C48,datos_delegados[clave_foranea:],datos_delegados[En Actividad]," ",0,1)} | F48: {=CONCATENATE(XLOOKUP(C48,datos_personales[id:],datos_personales[Apellido:],"no dato",0,1),", ",XLOOKUP(C48,datos_personales[id:],datos_personales[Nombre],"no dato",0,1))} -> fernandez, florencia soledad | G48: {=XLOOKUP(C48,datos_laborales[clave_foranea],datos_laborales[N° De Legajo],"no dato",0,1)} -> 2776 | H48: {=XLOOKUP(C48,datos_laborales[clave_foranea], datos_laborales[Inicio Actividad:],"no dato",0,1)} | I48: {=XLOOKUP(C48,datos_laborales[clave_foranea],datos_laborales[Años en Actividad:],"no dato",0,1)} -> 126 | J48: {=XLOOKUP(C48,datos_personales[id:],datos_personales[D.n.i:],"no dato",0,1)} -> 36786519 | K48: {=XLOOKUP(C48,datos_personales[id:],datos_personales[Fecha Nacimiento:],"no dato",0,1)} | L48: =COUNTIF(hijos!B:B,C48) -> 1 | M48: =COUNTIFS(hijos!B:B,C48,hijos!I:I,1) -> 0 | N48: =COUNTIFS(hijos!B:B,C48,hijos!J:J,1) -> 1 | O48: =COUNTIFS(hijos!B:B,C48,hijos!K:K,1) -> 0 | P48: =COUNTIFS(hijos!B:B,C48,hijos!L:L,1) -> 0 | Q48: =SUM(M48:P48) -> 1 | R48: {=XLOOKUP(C48,datos_personales[id:],datos_personales[Tel. Contacto:],"no dato",0,1)} -> 1164297376 | S48: {=XLOOKUP(C48,datos_personales[id:],datos_personales[E-Mail:],"no dato",0,1)} | T48: {=XLOOKUP(R48,telefonos_afiliados[numeros_loys],telefonos_afiliados[esta],"no esta",0,1)} -> 1 | U48: {=XLOOKUP(C48,datos_personales[id:],datos_laborales[renuncio],"no dato",0,1)} -> #N/A
C49: =datos_personales[id:] -> 37036332 | D49: {=XLOOKUP(C49,datos_laborales[clave_foranea],datos_laborales[Relacion de Dependencia],"dato no encontrado",0,1)} -> Monotributista | E49: {=XLOOKUP(C49,datos_delegados[clave_foranea:],datos_delegados[En Actividad]," ",0,1)} | F49: {=CONCATENATE(XLOOKUP(C49,datos_personales[id:],datos_personales[Apellido:],"no dato",0,1),", ",XLOOKUP(C49,datos_personales[id:],datos_personales[Nombre],"no dato",0,1))} -> ferrari barcia, brenda belen | G49: {=XLOOKUP(C49,datos_laborales[clave_foranea],datos_laborales[N° De Legajo],"no dato",0,1)} -> 1644 | H49: {=XLOOKUP(C49,datos_laborales[clave_foranea], datos_laborales[Inicio Actividad:],"no dato",0,1)} -> 43525 | I49: {=XLOOKUP(C49,datos_laborales[clave_foranea],datos_laborales[Años en Actividad:],"no dato",0,1)} -> 6 | J49: {=XLOOKUP(C49,datos_personales[id:],datos_personales[D.n.i:],"no dato",0,1)} -> 37036332 | K49: {=XLOOKUP(C49,datos_personales[id:],datos_personales[Fecha Nacimiento:],"no dato",0,1)} -> 33843 | L49: =COUNTIF(hijos!B:B,C49) -> 1 | M49: =COUNTIFS(hijos!B:B,C49,hijos!I:I,1) -> 0 | N49: =COUNTIFS(hijos!B:B,C49,hijos!J:J,1) -> 0 | O49: =COUNTIFS(hijos!B:B,C49,hijos!K:K,1) -> 1 | P49: =COUNTIFS(hijos!B:B,C49,hijos!L:L,1) -> 0 | Q49: =SUM(M49:P49) -> 1 | R49: {=XLOOKUP(C49,datos_personales[id:],datos_personales[Tel. Contacto:],"no dato",0,1)} -> 1126691233 | S49: {=XLOOKUP(C49,datos_personales[id:],datos_personales[E-Mail:],"no dato",0,1)} -> brendaff92@hotmail.com | T49: {=XLOOKUP(R49,telefonos_afiliados[numeros_loys],telefonos_afiliados[esta],"no esta",0,1)} -> 1 | U49: {=XLOOKUP(C49,datos_personales[id:],datos_laborales[renuncio],"no dato",0,1)} -> #N/A | V49: {=XLOOKUP(C49,datos_laborales[clave_foranea],datos_laborales[tiene_ficha_pdf],"no tiene ficha pdf",0,1)} -> 1
C50: =datos_personales[id:] -> 44364634 | D50: {=XLOOKUP(C50,datos_laborales[clave_foranea],datos_laborales[Relacion de Dependencia],"dato no encontrado",0,1)} -> Monotributista | E50: {=XLOOKUP(C50,datos_delegados[clave_foranea:],datos_delegados[En Actividad]," ",0,1)} | F50: {=CONCATENATE(XLOOKUP(C50,datos_personales[id:],datos_personales[Apellido:],"no dato",0,1),", ",XLOOKUP(C50,datos_personales[id:],datos_personales[Nombre],"no dato",0,1))} -> flamenco, ludmila rosalia | G50: {=XLOOKUP(C50,datos_laborales[clave_foranea],datos_laborales[N° De Legajo],"no dato",0,1)} -> 2463 | H50: {=XLOOKUP(C50,datos_laborales[clave_foranea], datos_laborales[Inicio Actividad:],"no dato",0,1)} | I50: {=XLOOKUP(C50,datos_laborales[clave_foranea],datos_laborales[Años en Actividad:],"no dato",0,1)} -> 126 | J50: {=XLOOKUP(C50,datos_personales[id:],datos_personales[D.n.i:],"no dato",0,1)} -> 44364634 | K50: {=XLOOKUP(C50,datos_personales[id:],datos_personales[Fecha Nacimiento:],"no dato",0,1)} -> 37497 | L50: =COUNTIF(hijos!B:B,C50) -> 0 | M50: =COUNTIFS(hijos!B:B,C50,hijos!I:I,1) -> 0 | N50: =COUNTIFS(hijos!B:B,C50,hijos!J:J,1) -> 0 | O50: =COUNTIFS(hijos!B:B,C50,hijos!K:K,1) -> 0 | P50: =COUNTIFS(hijos!B:B,C50,hijos!L:L,1) -> 0 | Q50: =SUM(M50:P50) -> 0 | R50: {=XLOOKUP(C50,datos_personales[id:],datos_personales[Tel. Contacto:],"no dato",0,1)} -> 1128153730 | S50: {=XLOOKUP(C50,datos_personales[id:],datos_personales[E-Mail:],"no dato",0,1)} -> flamencoludmila02@gmail.com | T50: {=XLOOKUP(R50,telefonos_afiliados[numeros_loys],telefonos_afiliados[esta],"no esta",0,1)} -> 1 | U50: {=XLOOKUP(C50,datos_laborales[id:],datos_laborales[renuncio],"no dato",0,1)} -> no dato
C51: =datos_personales[id:] -> 41263312 | D51: {=XLOOKUP(C51,datos_laborales[clave_foranea],datos_laborales[Relacion de Dependencia],"dato no encontrado",0,1)} -> Monotributista | E51: {=XLOOKUP(C51,datos_delegados[clave_foranea:],datos_delegados[En Actividad]," ",0,1)} | F51: {=CONCATENATE(XLOOKUP(C51,datos_personales[id:],datos_personales[Apellido:],"no dato",0,1),", ",XLOOKUP(C51,datos_personales[id:],datos_personales[Nombre],"no dato",0,1))} -> fernandez, nazarena abril | G51: {=XLOOKUP(C51,datos_laborales[clave_foranea],datos_laborales[N° De Legajo],"no dato",0,1)} -> 2267 | H51: {=XLOOKUP(C51,datos_laborales[clave_foranea], datos_laborales[Inicio Actividad:],"no dato",0,1)} | I51: {=XLOOKUP(C51,datos_laborales[clave_foranea],datos_laborales[Años en Actividad:],"no dato",0,1)} -> 126 | J51: {=XLOOKUP(C51,datos_personales[id:],datos_personales[D.n.i:],"no dato",0,1)} -> 41263312 | K51: {=XLOOKUP(C51,datos_personales[id:],datos_personales[Fecha Nacimiento:],"no dato",0,1)} -> 35937 | L51: =COUNTIF(hijos!B:B,C51) -> 0 | M51: =COUNTIFS(hijos!B:B,C51,hijos!I:I,1) -> 0 | N51: =COUNTIFS(hijos!B:B,C51,hijos!J:J,1) -> 0 | O51: =COUNTIFS(hijos!B:B,C51,hijos!K:K,1) -> 0 | P51: =COUNTIFS(hijos!B:B,C51,hijos!L:L,1) -> 0 | Q51: =SUM(M51:P51) -> 0 | R51: {=XLOOKUP(C51,datos_personales[id:],datos_personales[Tel. Contacto:],"no dato",0,1)} -> 1159622747 | S51: {=XLOOKUP(C51,datos_personales[id:],datos_personales[E-Mail:],"no dato",0,1)} | T51: {=XLOOKUP(R51,telefonos_afiliados[numeros_loys],telefonos_afiliados[esta],"no esta",0,1)} -> no esta | U51: {=XLOOKUP(C51,datos_laborales[id:],datos_laborales[renuncio],"no dato",0,1)} -> no dato
C52: =datos_personales[id:] -> 42586370 | D52: {=XLOOKUP(C52,datos_laborales[clave_foranea],datos_laborales[Relacion de Dependencia],"dato no encontrado",0,1)} -> Monotributista | E52: {=XLOOKUP(C52,datos_delegados[clave_foranea:],datos_delegados[En Actividad]," ",0,1)} | F52: {=CONCATENATE(XLOOKUP(C52,datos_personales[id:],datos_personales[Apellido:],"no dato",0,1),", ",XLOOKUP(C52,datos_personales[id:],datos_personales[Nombre],"no dato",0,1))} -> figueroa, fernando | G52: {=XLOOKUP(C52,datos_laborales[clave_foranea],datos_laborales[N° De Legajo],"no dato",0,1)} -> 1645 | H52: {=XLOOKUP(C52,datos_laborales[clave_foranea], datos_laborales[Inicio Actividad:],"no dato",0,1)} -> 43556 | I52: {=XLOOKUP(C52,datos_laborales[clave_foranea],datos_laborales[Años en Actividad:],"no dato",0,1)} -> 6 | J52: {=XLOOKUP(C52,datos_personales[id:],datos_personales[D.n.i:],"no dato",0,1)} -> 42586370 | K52: {=XLOOKUP(C52,datos_personales[id:],datos_personales[Fecha Nacimiento:],"no dato",0,1)} -> 36652 | L52: =COUNTIF(hijos!B:B,C52) -> 1 | M52: =COUNTIFS(hijos!B:B,C52,hijos!I:I,1) -> 1 | N52: =COUNTIFS(hijos!B:B,C52,hijos!J:J,1) -> 0 | O52: =COUNTIFS(hijos!B:B,C52,hijos!K:K,1) -> 0 | P52: =COUNTIFS(hijos!B:B,C52,hijos!L:L,1) -> 0 | Q52: =SUM(M52:P52) -> 1 | R52: {=XLOOKUP(C52,datos_personales[id:],datos_personales[Tel. Contacto:],"no dato",0,1)} -> 1125475896 | S52: {=XLOOKUP(C52,datos_personales[id:],datos_personales[E-Mail:],"no dato",0,1)} -> ferfigueroa794@gmail.com | T52: {=XLOOKUP(R52,telefonos_afiliados[numeros_loys],telefonos_afiliados[esta],"no esta",0,1)} -> 1
C53: =datos_personales[id:] -> 34871654 | D53: {=XLOOKUP(C53,datos_laborales[clave_foranea],datos_laborales[Relacion de Dependencia],"dato no encontrado",0,1)} -> Monotributista | E53: {=XLOOKUP(C53,datos_delegados[clave_foranea:],datos_delegados[En Actividad]," ",0,1)} | F53: {=CONCATENATE(XLOOKUP(C53,datos_personales[id:],datos_personales[Apellido:],"no dato",0,1),", ",XLOOKUP(C53,datos_personales[id:],datos_personales[Nombre],"no dato",0,1))} -> garcia, maria belen | G53: {=XLOOKUP(C53,datos_laborales[clave_foranea],datos_laborales[N° De Legajo],"no dato",0,1)} -> 2785 | H53: {=XLOOKUP(C53,datos_laborales[clave_foranea], datos_laborales[Inicio Actividad:],"no dato",0,1)} -> 45111 | I53: {=XLOOKUP(C53,datos_laborales[clave_foranea],datos_laborales[Años en Actividad:],"no dato",0,1)} -> 2 | J53: {=XLOOKUP(C53,datos_personales[id:],datos_personales[D.n.i:],"no dato",0,1)} -> 34871654 | K53: {=XLOOKUP(C53,datos_personales[id:],datos_personales[Fecha Nacimiento:],"no dato",0,1)} -> 32867 | L53: =COUNTIF(hijos!B:B,C53) -> 2 | M53: =COUNTIFS(hijos!B:B,C53,hijos!I:I,1) -> 1 | N53: =COUNTIFS(hijos!B:B,C53,hijos!J:J,1) -> 0 | O53: =COUNTIFS(hijos!B:B,C53,hijos!K:K,1) -> 0 | P53: =COUNTIFS(hijos!B:B,C53,hijos!L:L,1) -> 1 | Q53: =SUM(M53:P53) -> 2 | R53: {=XLOOKUP(C53,datos_personales[id:],datos_personales[Tel. Contacto:],"no dato",0,1)} -> 1150235407 | S53: {=XLOOKUP(C53,datos_personales[id:],datos_personales[E-Mail:],"no dato",0,1)} -> beeelgarcia@gmail.com | T53: {=XLOOKUP(R53,telefonos_afiliados[numeros_loys],telefonos_afiliados[esta],"no esta",0,1)} -> 1 | U53: {=XLOOKUP(C53,datos_laborales[id:],datos_laborales[renuncio],"no dato",0,1)} -> no dato
C54: =datos_personales[id:] -> 39275500 | D54: {=XLOOKUP(C54,datos_laborales[clave_foranea],datos_laborales[Relacion de Dependencia],"dato no encontrado",0,1)} -> Monotributista | E54: {=XLOOKUP(C54,datos_delegados[clave_foranea:],datos_delegados[En Actividad]," ",0,1)} | F54: {=CONCATENATE(XLOOKUP(C54,datos_personales[id:],datos_personales[Apellido:],"no dato",0,1),", ",XLOOKUP(C54,datos_personales[id:],datos_personales[Nombre],"no dato",0,1))} -> galarza, wanda noemi | G54: {=XLOOKUP(C54,datos_laborales[clave_foranea],datos_laborales[N° De Legajo],"no dato",0,1)} -> 3150 | H54: {=XLOOKUP(C54,datos_laborales[clave_foranea], datos_laborales[Inicio Actividad:],"no dato",0,1)} | I54: {=XLOOKUP(C54,datos_laborales[clave_foranea],datos_laborales[Años en Actividad:],"no dato",0,1)} -> 126 | J54: {=XLOOKUP(C54,datos_personales[id:],datos_personales[D.n.i:],"no dato",0,1)} -> 39275500 | K54: {=XLOOKUP(C54,datos_personales[id:],datos_personales[Fecha Nacimiento:],"no dato",0,1)} -> 35031 | L54: =COUNTIF(hijos!B:B,C54) -> 0 | M54: =COUNTIFS(hijos!B:B,C54,hijos!I:I,1) -> 0 | N54: =COUNTIFS(hijos!B:B,C54,hijos!J:J,1) -> 0 | O54: =COUNTIFS(hijos!B:B,C54,hijos!K:K,1) -> 0 | P54: =COUNTIFS(hijos!B:B,C54,hijos!L:L,1) -> 0 | Q54: =SUM(M54:P54) -> 0 | R54: {=XLOOKUP(C54,datos_personales[id:],datos_personales[Tel. Contacto:],"no dato",0,1)} -> 1155818302 | S54: {=XLOOKUP(C54,datos_personales[id:],datos_personales[E-Mail:],"no dato",0,1)} | T54: {=XLOOKUP(R54,telefonos_afiliados[numeros_loys],telefonos_afiliados[esta],"no esta",0,1)} -> 1 | U54: {=XLOOKUP(C54,datos_laborales[id:],datos_laborales[renuncio],"no dato",0,1)} -> no dato
C55: =datos_personales[id:] -> 40133136 | D55: {=XLOOKUP(C55,datos_laborales[clave_foranea],datos_laborales[Relacion de Dependencia],"dato no encontrado",0,1)} -> Monotributista | E55: {=XLOOKUP(C55,datos_delegados[clave_foranea:],datos_delegados[En Actividad]," ",0,1)} | F55: {=CONCATENATE(XLOOKUP(C55,datos_personales[id:],datos_personales[Apellido:],"no dato",0,1),", ",XLOOKUP(C55,datos_personales[id:],datos_personales[Nombre],"no dato",0,1))} -> galeano, carla antonella | G55: {=XLOOKUP(C55,datos_laborales[clave_foranea],datos_laborales[N° De Legajo],"no dato",0,1)} -> 2275 | H55: {=XLOOKUP(C55,datos_laborales[clave_foranea], datos_laborales[Inicio Actividad:],"no dato",0,1)} -> 45291 | I55: {=XLOOKUP(C55,datos_laborales[clave_foranea],datos_laborales[Años en Actividad:],"no dato",0,1)} -> 2 | J55: {=XLOOKUP(C55,datos_personales[id:],datos_personales[D.n.i:],"no dato",0,1)} -> 40133136 | K55: {=XLOOKUP(C55,datos_personales[id:],datos_personales[Fecha Nacimiento:],"no dato",0,1)} -> 35463 | L55: =COUNTIF(hijos!B:B,C55) -> 2 | M55: =COUNTIFS(hijos!B:B,C55,hijos!I:I,1) -> 0 | N55: =COUNTIFS(hijos!B:B,C55,hijos!J:J,1) -> 0 | O55: =COUNTIFS(hijos!B:B,C55,hijos!K:K,1) -> 1 | P55: =COUNTIFS(hijos!B:B,C55,hijos!L:L,1) -> 0 | Q55: =SUM(M55:P55) -> 1 | R55: {=XLOOKUP(C55,datos_personales[id:],datos_personales[Tel. Contacto:],"no dato",0,1)} -> 1122416811 | S55: {=XLOOKUP(C55,datos_personales[id:],datos_personales[E-Mail:],"no dato",0,1)} -> carlaagaleano@hotmail.com | T55: {=XLOOKUP(R55,telefonos_afiliados[numeros_loys],telefonos_afiliados[esta],"no esta",0,1)} -> 1 | U55: {=XLOOKUP(C55,datos_laborales[id:],datos_laborales[renuncio],"no dato",0,1)} -> no dato | V55: {=XLOOKUP(C55,datos_laborales[clave_foranea],datos_laborales[tiene_ficha_pdf],"no tiene ficha pdf",0,1)} -> no tiene en pdf
C56: =datos_personales[id:] -> 38710314 | D56: {=XLOOKUP(C56,datos_laborales[clave_foranea],datos_laborales[Relacion de Dependencia],"dato no encontrado",0,1)} -> Monotributista | E56: {=XLOOKUP(C56,datos_delegados[clave_foranea:],datos_delegados[En Actividad]," ",0,1)} | F56: {=CONCATENATE(XLOOKUP(C56,datos_personales[id:],datos_personales[Apellido:],"no dato",0,1),", ",XLOOKUP(C56,datos_personales[id:],datos_personales[Nombre],"no dato",0,1))} -> galian, daiana alejandra | G56: {=XLOOKUP(C56,datos_laborales[clave_foranea],datos_laborales[N° De Legajo],"no dato",0,1)} -> 1984 | H56: {=XLOOKUP(C56,datos_laborales[clave_foranea], datos_laborales[Inicio Actividad:],"no dato",0,1)} -> 44958 | I56: {=XLOOKUP(C56,datos_laborales[clave_foranea],datos_laborales[Años en Actividad:],"no dato",0,1)} -> 2 | J56: {=XLOOKUP(C56,datos_personales[id:],datos_personales[D.n.i:],"no dato",0,1)} -> 38710314 | K56: {=XLOOKUP(C56,datos_personales[id:],datos_personales[Fecha Nacimiento:],"no dato",0,1)} -> 34827 | L56: =COUNTIF(hijos!B:B,C56) -> 0 | M56: =COUNTIFS(hijos!B:B,C56,hijos!I:I,1) -> 0 | N56: =COUNTIFS(hijos!B:B,C56,hijos!J:J,1) -> 0 | O56: =COUNTIFS(hijos!B:B,C56,hijos!K:K,1) -> 0 | P56: =COUNTIFS(hijos!B:B,C56,hijos!L:L,1) -> 0 | Q56: =SUM(M56:P56) -> 0 | R56: {=XLOOKUP(C56,datos_personales[id:],datos_personales[Tel. Contacto:],"no dato",0,1)} -> 1154983632 | S56: {=XLOOKUP(C56,datos_personales[id:],datos_personales[E-Mail:],"no dato",0,1)} -> daianagalean.08@gmail.com | T56: {=XLOOKUP(R56,telefonos_afiliados[numeros_loys],telefonos_afiliados[esta],"no esta",0,1)} -> 1
C57: =datos_personales[id:] -> 43916827 | D57: {=XLOOKUP(C57,datos_laborales[clave_foranea],datos_laborales[Relacion de Dependencia],"dato no encontrado",0,1)} -> Monotributista | E57: {=XLOOKUP(C57,datos_delegados[clave_foranea:],datos_delegados[En Actividad]," ",0,1)} | F57: {=CONCATENATE(XLOOKUP(C57,datos_personales[id:],datos_personales[Apellido:],"no dato",0,1),", ",XLOOKUP(C57,datos_personales[id:],datos_personales[Nombre],"no dato",0,1))} -> geirola, tomas agustin | G57: {=XLOOKUP(C57,datos_laborales[clave_foranea],datos_laborales[N° De Legajo],"no dato",0,1)} -> 2636 | H57: {=XLOOKUP(C57,datos_laborales[clave_foranea], datos_laborales[Inicio Actividad:],"no dato",0,1)} | I57: {=XLOOKUP(C57,datos_laborales[clave_foranea],datos_laborales[Años en Actividad:],"no dato",0,1)} -> 126 | J57: {=XLOOKUP(C57,datos_personales[id:],datos_personales[D.n.i:],"no dato",0,1)} -> 43916827 | K57: {=XLOOKUP(C57,datos_personales[id:],datos_personales[Fecha Nacimiento:],"no dato",0,1)} -> 37281 | L57: =COUNTIF(hijos!B:B,C57) -> 0 | M57: =COUNTIFS(hijos!B:B,C57,hijos!I:I,1) -> 0 | N57: =COUNTIFS(hijos!B:B,C57,hijos!J:J,1) -> 0 | O57: =COUNTIFS(hijos!B:B,C57,hijos!K:K,1) -> 0 | P57: =COUNTIFS(hijos!B:B,C57,hijos!L:L,1) -> 0 | Q57: =SUM(M57:P57) -> 0 | R57: {=XLOOKUP(C57,datos_personales[id:],datos_personales[Tel. Contacto:],"no dato",0,1)} | S57: {=XLOOKUP(C57,datos_personales[id:],datos_personales[E-Mail:],"no dato",0,1)} | T57: {=XLOOKUP(R57,telefonos_afiliados[numeros_loys],telefonos_afiliados[esta],"no esta",0,1)} -> no esta | U57: {=XLOOKUP(C57,datos_laborales[id:],datos_laborales[renuncio],"no dato",0,1)} -> no dato
C58: =datos_personales[id:] -> 36297487 | D58: {=XLOOKUP(C58,datos_laborales[clave_foranea],datos_laborales[Relacion de Dependencia],"dato no encontrado",0,1)} -> Monotributista | E58: {=XLOOKUP(C58,datos_delegados[clave_foranea:],datos_delegados[En Actividad]," ",0,1)} | F58: {=CONCATENATE(XLOOKUP(C58,datos_personales[id:],datos_personales[Apellido:],"no dato",0,1),", ",XLOOKUP(C58,datos_personales[id:],datos_personales[Nombre],"no dato",0,1))} -> gonzalez, agostina jessica | G58: {=XLOOKUP(C58,datos_laborales[clave_foranea],datos_laborales[N° De Legajo],"no dato",0,1)} -> 769 | H58: {=XLOOKUP(C58,datos_laborales[clave_foranea], datos_laborales[Inicio Actividad:],"no dato",0,1)} -> 42948 | I58: {=XLOOKUP(C58,datos_laborales[clave_foranea],datos_laborales[Años en Actividad:],"no dato",0,1)} -> 8 | J58: {=XLOOKUP(C58,datos_personales[id:],datos_personales[D.n.i:],"no dato",0,1)} -> 36297487 | K58: {=XLOOKUP(C58,datos_personales[id:],datos_personales[Fecha Nacimiento:],"no dato",0,1)} -> 33504 | L58: =COUNTIF(hijos!B:B,C58) -> 3 | M58: =COUNTIFS(hijos!B:B,C58,hijos!I:I,1) -> 1 | N58: =COUNTIFS(hijos!B:B,C58,hijos!J:J,1) -> 1 | O58: =COUNTIFS(hijos!B:B,C58,hijos!K:K,1) -> 1 | P58: =COUNTIFS(hijos!B:B,C58,hijos!L:L,1) -> 0 | Q58: =SUM(M58:P58) -> 3 | R58: {=XLOOKUP(C58,datos_personales[id:],datos_personales[Tel. Contacto:],"no dato",0,1)} -> 1141633096 | S58: {=XLOOKUP(C58,datos_personales[id:],datos_personales[E-Mail:],"no dato",0,1)} -> agostina_kpa@hotmail.com | T58: {=XLOOKUP(R58,telefonos_afiliados[numeros_loys],telefonos_afiliados[esta],"no esta",0,1)} -> 1 | U58: {=XLOOKUP(C58,datos_personales[id:],datos_laborales[renuncio],"no dato",0,1)} -> #N/A | V58: {=XLOOKUP(C58,datos_laborales[clave_foranea],datos_laborales[tiene_ficha_pdf],"no tiene ficha pdf",0,1)} -> 1
C59: =datos_personales[id:] -> 39665127 | D59: {=XLOOKUP(C59,datos_laborales[clave_foranea],datos_laborales[Relacion de Dependencia],"dato no encontrado",0,1)} -> Monotributista | E59: {=XLOOKUP(C59,datos_delegados[clave_foranea:],datos_delegados[En Actividad]," ",0,1)} | F59: {=CONCATENATE(XLOOKUP(C59,datos_personales[id:],datos_personales[Apellido:],"no dato",0,1),", ",XLOOKUP(C59,datos_personales[id:],datos_personales[Nombre],"no dato",0,1))} -> gonzalez, hernan francisco | G59: {=XLOOKUP(C59,datos_laborales[clave_foranea],datos_laborales[N° De Legajo],"no dato",0,1)} -> 2793 | H59: {=XLOOKUP(C59,datos_laborales[clave_foranea], datos_laborales[Inicio Actividad:],"no dato",0,1)} | I59: {=XLOOKUP(C59,datos_laborales[clave_foranea],datos_laborales[Años en Actividad:],"no dato",0,1)} -> 126 | J59: {=XLOOKUP(C59,datos_personales[id:],datos_personales[D.n.i:],"no dato",0,1)} -> 39665127 | K59: {=XLOOKUP(C59,datos_personales[id:],datos_personales[Fecha Nacimiento:],"no dato",0,1)} -> 35253 | L59: =COUNTIF(hijos!B:B,C59) -> 0 | M59: =COUNTIFS(hijos!B:B,C59,hijos!I:I,1) -> 0 | N59: =COUNTIFS(hijos!B:B,C59,hijos!J:J,1) -> 0 | O59: =COUNTIFS(hijos!B:B,C59,hijos!K:K,1) -> 0 | P59: =COUNTIFS(hijos!B:B,C59,hijos!L:L,1) -> 0 | Q59: =SUM(M59:P59) -> 0 | R59: {=XLOOKUP(C59,datos_personales[id:],datos_personales[Tel. Contacto:],"no dato",0,1)} -> 1125478930 | S59: {=XLOOKUP(C59,datos_personales[id:],datos_personales[E-Mail:],"no dato",0,1)} -> francisco78@gmail.com | T59: {=XLOOKUP(R59,telefonos_afiliados[numeros_loys],telefonos_afiliados[esta],"no esta",0,1)} -> 1 | U59: {=XLOOKUP(C59,datos_personales[id:],datos_laborales[renuncio],"no dato",0,1)} -> #N/A
C60: =datos_personales[id:] -> 39646253 | D60: {=XLOOKUP(C60,datos_laborales[clave_foranea],datos_laborales[Relacion de Dependencia],"dato no encontrado",0,1)} -> Monotributista | E60: {=XLOOKUP(C60,datos_delegados[clave_foranea:],datos_delegados[En Actividad]," ",0,1)} | F60: {=CONCATENATE(XLOOKUP(C60,datos_personales[id:],datos_personales[Apellido:],"no dato",0,1),", ",XLOOKUP(C60,datos_personales[id:],datos_personales[Nombre],"no dato",0,1))} -> gonzalez churque, maria pilar | G60: {=XLOOKUP(C60,datos_laborales[clave_foranea],datos_laborales[N° De Legajo],"no dato",0,1)} -> 2473 | H60: {=XLOOKUP(C60,datos_laborales[clave_foranea], datos_laborales[Inicio Actividad:],"no dato",0,1)} | I60: {=XLOOKUP(C60,datos_laborales[clave_foranea],datos_laborales[Años en Actividad:],"no dato",0,1)} -> 126 | J60: {=XLOOKUP(C60,datos_personales[id:],datos_personales[D.n.i:],"no dato",0,1)} -> 39646253 | K60: {=XLOOKUP(C60,datos_personales[id:],datos_personales[Fecha Nacimiento:],"no dato",0,1)} -> 35324 | L60: =COUNTIF(hijos!B:B,C60) -> 0 | M60: =COUNTIFS(hijos!B:B,C60,hijos!I:I,1) -> 0 | N60: =COUNTIFS(hijos!B:B,C60,hijos!J:J,1) -> 0 | O60: =COUNTIFS(hijos!B:B,C60,hijos!K:K,1) -> 0 | P60: =COUNTIFS(hijos!B:B,C60,hijos!L:L,1) -> 0 | Q60: =SUM(M60:P60) -> 0 | R60: {=XLOOKUP(C60,datos_personales[id:],datos_personales[Tel. Contacto:],"no dato",0,1)} -> 1125061863 | S60: {=XLOOKUP(C60,datos_personales[id:],datos_personales[E-Mail:],"no dato",0,1)} -> pili.gonzalez.96@gmail.com | T60: {=XLOOKUP(R60,telefonos_afiliados[numeros_loys],telefonos_afiliados[esta],"no esta",0,1)} -> 1 | U60: {=XLOOKUP(C60,datos_personales[id:],datos_laborales[renuncio],"no dato",0,1)} -> #N/A | V60: {=XLOOKUP(C60,datos_laborales[clave_foranea],datos_laborales[tiene_ficha_pdf],"no tiene ficha pdf",0,1)} -> 1
C61: =datos_personales[id:] -> 28054001 | D61: {=XLOOKUP(C61,datos_laborales[clave_foranea],datos_laborales[Relacion de Dependencia],"dato no encontrado",0,1)} -> Monotributista | E61: {=XLOOKUP(C61,datos_delegados[clave_foranea:],datos_delegados[En Actividad]," ",0,1)} | F61: {=CONCATENATE(XLOOKUP(C61,datos_personales[id:],datos_personales[Apellido:],"no dato",0,1),", ",XLOOKUP(C61,datos_personales[id:],datos_personales[Nombre],"no dato",0,1))} -> gonzalez, claudia | G61: {=XLOOKUP(C61,datos_laborales[clave_foranea],datos_laborales[N° De Legajo],"no dato",0,1)} -> 494 | H61: {=XLOOKUP(C61,datos_laborales[clave_foranea], datos_laborales[Inicio Actividad:],"no dato",0,1)} -> 42919 | I61: {=XLOOKUP(C61,datos_laborales[clave_foranea],datos_laborales[Años en Actividad:],"no dato",0,1)} -> 8 | J61: {=XLOOKUP(C61,datos_personales[id:],datos_personales[D.n.i:],"no dato",0,1)} -> 28054001 | K61: {=XLOOKUP(C61,datos_personales[id:],datos_personales[Fecha Nacimiento:],"no dato",0,1)} -> 29421 | L61: =COUNTIF(hijos!B:B,C61) -> 1 | M61: =COUNTIFS(hijos!B:B,C61,hijos!I:I,1) -> 0 | N61: =COUNTIFS(hijos!B:B,C61,hijos!J:J,1) -> 0 | O61: =COUNTIFS(hijos!B:B,C61,hijos!K:K,1) -> 0 | P61: =COUNTIFS(hijos!B:B,C61,hijos!L:L,1) -> 0 | Q61: =SUM(M61:P61) -> 0 | R61: {=XLOOKUP(C61,datos_personales[id:],datos_personales[Tel. Contacto:],"no dato",0,1)} -> 1168442449 | S61: {=XLOOKUP(C61,datos_personales[id:],datos_personales[E-Mail:],"no dato",0,1)} -> 2001brisasvale@gmail.com | T61: {=XLOOKUP(R61,telefonos_afiliados[numeros_loys],telefonos_afiliados[esta],"no esta",0,1)} -> no esta | U61: {=XLOOKUP(C61,datos_laborales[id:],datos_laborales[renuncio],"no dato",0,1)} -> no dato
C62: =datos_personales[id:] -> 36162205 | D62: {=XLOOKUP(C62,datos_laborales[clave_foranea],datos_laborales[Relacion de Dependencia],"dato no encontrado",0,1)} -> Monotributista | E62: {=XLOOKUP(C62,datos_delegados[clave_foranea:],datos_delegados[En Actividad]," ",0,1)} | F62: {=CONCATENATE(XLOOKUP(C62,datos_personales[id:],datos_personales[Apellido:],"no dato",0,1),", ",XLOOKUP(C62,datos_personales[id:],datos_personales[Nombre],"no dato",0,1))} -> gonzalez, ruth esther | G62: {=XLOOKUP(C62,datos_laborales[clave_foranea],datos_laborales[N° De Legajo],"no dato",0,1)} -> 2184 | H62: {=XLOOKUP(C62,datos_laborales[clave_foranea], datos_laborales[Inicio Actividad:],"no dato",0,1)} | I62: {=XLOOKUP(C62,datos_laborales[clave_foranea],datos_laborales[Años en Actividad:],"no dato",0,1)} -> 126 | J62: {=XLOOKUP(C62,datos_personales[id:],datos_personales[D.n.i:],"no dato",0,1)} -> 36162205 | K62: {=XLOOKUP(C62,datos_personales[id:],datos_personales[Fecha Nacimiento:],"no dato",0,1)} | L62: =COUNTIF(hijos!B:B,C62) -> 3 | M62: =COUNTIFS(hijos!B:B,C62,hijos!I:I,1) -> 0 | N62: =COUNTIFS(hijos!B:B,C62,hijos!J:J,1) -> 1 | O62: =COUNTIFS(hijos!B:B,C62,hijos!K:K,1) -> 0 | P62: =COUNTIFS(hijos!B:B,C62,hijos!L:L,1) -> 2 | Q62: =SUM(M62:P62) -> 3 | R62: {=XLOOKUP(C62,datos_personales[id:],datos_personales[Tel. Contacto:],"no dato",0,1)} -> 1123555040 | S62: {=XLOOKUP(C62,datos_personales[id:],datos_personales[E-Mail:],"no dato",0,1)} | T62: {=XLOOKUP(R62,telefonos_afiliados[numeros_loys],telefonos_afiliados[esta],"no esta",0,1)} -> 1 | U62: {=XLOOKUP(C62,datos_laborales[id:],datos_laborales[renuncio],"no dato",0,1)} -> no dato
C63: =datos_personales[id:] -> 27930531 | D63: {=XLOOKUP(C63,datos_laborales[clave_foranea],datos_laborales[Relacion de Dependencia],"dato no encontrado",0,1)} -> Monotributista | E63: {=XLOOKUP(C63,datos_delegados[clave_foranea:],datos_delegados[En Actividad]," ",0,1)} | F63: {=CONCATENATE(XLOOKUP(C63,datos_personales[id:],datos_personales[Apellido:],"no dato",0,1),", ",XLOOKUP(C63,datos_personales[id:],datos_personales[Nombre],"no dato",0,1))} -> hermida, vanesa karina | G63: {=XLOOKUP(C63,datos_laborales[clave_foranea],datos_laborales[N° De Legajo],"no dato",0,1)} -> 576 | H63: {=XLOOKUP(C63,datos_laborales[clave_foranea], datos_laborales[Inicio Actividad:],"no dato",0,1)} -> 42917 | I63: {=XLOOKUP(C63,datos_laborales[clave_foranea],datos_laborales[Años en Actividad:],"no dato",0,1)} -> 8 | J63: {=XLOOKUP(C63,datos_personales[id:],datos_personales[D.n.i:],"no dato",0,1)} -> 27930531 | K63: {=XLOOKUP(C63,datos_personales[id:],datos_personales[Fecha Nacimiento:],"no dato",0,1)} -> 29291 | L63: =COUNTIF(hijos!B:B,C63) -> 0 | M63: =COUNTIFS(hijos!B:B,C63,hijos!I:I,1) -> 0 | N63: =COUNTIFS(hijos!B:B,C63,hijos!J:J,1) -> 0 | O63: =COUNTIFS(hijos!B:B,C63,hijos!K:K,1) -> 0 | P63: =COUNTIFS(hijos!B:B,C63,hijos!L:L,1) -> 0 | Q63: =SUM(M63:P63) -> 0 | R63: {=XLOOKUP(C63,datos_personales[id:],datos_personales[Tel. Contacto:],"no dato",0,1)} -> 1134211980 | S63: {=XLOOKUP(C63,datos_personales[id:],datos_personales[E-Mail:],"no dato",0,1)} -> vankarher@gmail.com | T63: {=XLOOKUP(R63,telefonos_afiliados[numeros_loys],telefonos_afiliados[esta],"no esta",0,1)} -> no esta | U63: {=XLOOKUP(C63,datos_laborales[id:],datos_laborales[renuncio],"no dato",0,1)} -> no dato
C64: =datos_personales[id:] -> 22447579 | D64: {=XLOOKUP(C64,datos_laborales[clave_foranea],datos_laborales[Relacion de Dependencia],"dato no encontrado",0,1)} -> Monotributista | E64: {=XLOOKUP(C64,datos_delegados[clave_foranea:],datos_delegados[En Actividad]," ",0,1)} | F64: {=CONCATENATE(XLOOKUP(C64,datos_personales[id:],datos_personales[Apellido:],"no dato",0,1),", ",XLOOKUP(C64,datos_personales[id:],datos_personales[Nombre],"no dato",0,1))} -> hidalgo, silvia roxana | G64: {=XLOOKUP(C64,datos_laborales[clave_foranea],datos_laborales[N° De Legajo],"no dato",0,1)} -> 1608 | H64: {=XLOOKUP(C64,datos_laborales[clave_foranea], datos_laborales[Inicio Actividad:],"no dato",0,1)} -> 43497 | I64: {=XLOOKUP(C64,datos_laborales[clave_foranea],datos_laborales[Años en Actividad:],"no dato",0,1)} -> 6 | J64: {=XLOOKUP(C64,datos_personales[id:],datos_personales[D.n.i:],"no dato",0,1)} -> 22447579 | K64: {=XLOOKUP(C64,datos_personales[id:],datos_personales[Fecha Nacimiento:],"no dato",0,1)} -> 26202 | L64: =COUNTIF(hijos!B:B,C64) -> 2 | M64: =COUNTIFS(hijos!B:B,C64,hijos!I:I,1) -> 0 | N64: =COUNTIFS(hijos!B:B,C64,hijos!J:J,1) -> 0 | O64: =COUNTIFS(hijos!B:B,C64,hijos!K:K,1) -> 0 | P64: =COUNTIFS(hijos!B:B,C64,hijos!L:L,1) -> 2 | Q64: =SUM(M64:P64) -> 2 | R64: {=XLOOKUP(C64,datos_personales[id:],datos_personales[Tel. Contacto:],"no dato",0,1)} -> 1135003642 | S64: {=XLOOKUP(C64,datos_personales[id:],datos_personales[E-Mail:],"no dato",0,1)} -> Silviahidalgo71@yahoo.com.ar | T64: {=XLOOKUP(R64,telefonos_afiliados[numeros_loys],telefonos_afiliados[esta],"no esta",0,1)} -> no esta
C65: =datos_personales[id:] -> 28735010 | D65: {=XLOOKUP(C65,datos_laborales[clave_foranea],datos_laborales[Relacion de Dependencia],"dato no encontrado",0,1)} -> Monotributista | E65: {=XLOOKUP(C65,datos_delegados[clave_foranea:],datos_delegados[En Actividad]," ",0,1)} | F65: {=CONCATENATE(XLOOKUP(C65,datos_personales[id:],datos_personales[Apellido:],"no dato",0,1),", ",XLOOKUP(C65,datos_personales[id:],datos_personales[Nombre],"no dato",0,1))} -> ibañez, maria ines | G65: {=XLOOKUP(C65,datos_laborales[clave_foranea],datos_laborales[N° De Legajo],"no dato",0,1)} -> 1410 | H65: {=XLOOKUP(C65,datos_laborales[clave_foranea], datos_laborales[Inicio Actividad:],"no dato",0,1)} -> 41640 | I65: {=XLOOKUP(C65,datos_laborales[clave_foranea],datos_laborales[Años en Actividad:],"no dato",0,1)} -> 11 | J65: {=XLOOKUP(C65,datos_personales[id:],datos_personales[D.n.i:],"no dato",0,1)} -> 28735010 | K65: {=XLOOKUP(C65,datos_personales[id:],datos_personales[Fecha Nacimiento:],"no dato",0,1)} -> 29656 | L65: =COUNTIF(hijos!B:B,C65) -> 2 | M65: =COUNTIFS(hijos!B:B,C65,hijos!I:I,1) -> 0 | N65: =COUNTIFS(hijos!B:B,C65,hijos!J:J,1) -> 1 | O65: =COUNTIFS(hijos!B:B,C65,hijos!K:K,1) -> 1 | P65: =COUNTIFS(hijos!B:B,C65,hijos!L:L,1) -> 0 | Q65: =SUM(M65:P65) -> 2 | R65: {=XLOOKUP(C65,datos_personales[id:],datos_personales[Tel. Contacto:],"no dato",0,1)} -> 1176525294 | S65: {=XLOOKUP(C65,datos_personales[id:],datos_personales[E-Mail:],"no dato",0,1)} -> mariaines37@hotmail.com | T65: {=XLOOKUP(R65,telefonos_afiliados[numeros_loys],telefonos_afiliados[esta],"no esta",0,1)} -> 1 | U65: {=XLOOKUP(C65,datos_laborales[id:],datos_laborales[renuncio],"no dato",0,1)} -> no dato | V65: no tiene en pdf
C66: =datos_personales[id:] -> 94521109 | D66: {=XLOOKUP(C66,datos_laborales[clave_foranea],datos_laborales[Relacion de Dependencia],"dato no encontrado",0,1)} -> Monotributista | E66: {=XLOOKUP(C66,datos_delegados[clave_foranea:],datos_delegados[En Actividad]," ",0,1)} | F66: {=CONCATENATE(XLOOKUP(C66,datos_personales[id:],datos_personales[Apellido:],"no dato",0,1),", ",XLOOKUP(C66,datos_personales[id:],datos_personales[Nombre],"no dato",0,1))} -> insfran gutierrez, johanna yanett | G66: {=XLOOKUP(C66,datos_laborales[clave_foranea],datos_laborales[N° De Legajo],"no dato",0,1)} -> 577 | H66: {=XLOOKUP(C66,datos_laborales[clave_foranea], datos_laborales[Inicio Actividad:],"no dato",0,1)} -> 42919 | I66: {=XLOOKUP(C66,datos_laborales[clave_foranea],datos_laborales[Años en Actividad:],"no dato",0,1)} -> 8 | J66: {=XLOOKUP(C66,datos_personales[id:],datos_personales[D.n.i:],"no dato",0,1)} -> 94521109 | K66: {=XLOOKUP(C66,datos_personales[id:],datos_personales[Fecha Nacimiento:],"no dato",0,1)} -> 32549 | L66: =COUNTIF(hijos!B:B,C66) -> 1 | M66: =COUNTIFS(hijos!B:B,C66,hijos!I:I,1) -> 0 | N66: =COUNTIFS(hijos!B:B,C66,hijos!J:J,1) -> 1 | O66: =COUNTIFS(hijos!B:B,C66,hijos!K:K,1) -> 0 | P66: =COUNTIFS(hijos!B:B,C66,hijos!L:L,1) -> 0 | Q66: =SUM(M66:P66) -> 1 | R66: {=XLOOKUP(C66,datos_personales[id:],datos_personales[Tel. Contacto:],"no dato",0,1)} | S66: {=XLOOKUP(C66,datos_personales[id:],datos_personales[E-Mail:],"no dato",0,1)} -> johannainsfran@gmail.com | T66: {=XLOOKUP(R66,telefonos_afiliados[numeros_loys],telefonos_afiliados[esta],"no esta",0,1)} -> no esta | U66: {=XLOOKUP(C66,datos_laborales[id:],datos_laborales[renuncio],"no dato",0,1)} -> no dato | V66: {=XLOOKUP(C66,datos_laborales[clave_foranea],datos_laborales[tiene_ficha_pdf],"no tiene ficha pdf",0,1)} -> no tiene en pdf
C67: =datos_personales[id:] -> 94290896 | D67: {=XLOOKUP(C67,datos_laborales[clave_foranea],datos_laborales[Relacion de Dependencia],"dato no encontrado",0,1)} -> Monotributista | E67: {=XLOOKUP(C67,datos_delegados[clave_foranea:],datos_delegados[En Actividad]," ",0,1)} | F67: {=CONCATENATE(XLOOKUP(C67,datos_personales[id:],datos_personales[Apellido:],"no dato",0,1),", ",XLOOKUP(C67,datos_personales[id:],datos_personales[Nombre],"no dato",0,1))} -> irala, liz | G67: {=XLOOKUP(C67,datos_laborales[clave_foranea],datos_laborales[N° De Legajo],"no dato",0,1)} -> 1326 | H67: {=XLOOKUP(C67,datos_laborales[clave_foranea], datos_laborales[Inicio Actividad:],"no dato",0,1)} -> 43132 | I67: {=XLOOKUP(C67,datos_laborales[clave_foranea],datos_laborales[Años en Actividad:],"no dato",0,1)} -> 7 | J67: {=XLOOKUP(C67,datos_personales[id:],datos_personales[D.n.i:],"no dato",0,1)} -> 94290896 | K67: {=XLOOKUP(C67,datos_personales[id:],datos_personales[Fecha Nacimiento:],"no dato",0,1)} -> 34136 | L67: =COUNTIF(hijos!B:B,C67) -> 1 | M67: =COUNTIFS(hijos!B:B,C67,hijos!I:I,1) -> 0 | N67: =COUNTIFS(hijos!B:B,C67,hijos!J:J,1) -> 1 | O67: =COUNTIFS(hijos!B:B,C67,hijos!K:K,1) -> 0 | P67: =COUNTIFS(hijos!B:B,C67,hijos!L:L,1) -> 0 | Q67: =SUM(M67:P67) -> 1 | R67: {=XLOOKUP(C67,datos_personales[id:],datos_personales[Tel. Contacto:],"no dato",0,1)} -> 1136269477 | S67: {=XLOOKUP(C67,datos_personales[id:],datos_personales[E-Mail:],"no dato",0,1)} -> lizirala2604@gmail.com | T67: {=XLOOKUP(R67,telefonos_afiliados[numeros_loys],telefonos_afiliados[esta],"no esta",0,1)} -> 1 | U67: {=XLOOKUP(C67,datos_laborales[id:],datos_laborales[renuncio],"no dato",0,1)} -> no dato
C68: =datos_personales[id:] -> 29319005 | D68: {=XLOOKUP(C68,datos_laborales[clave_foranea],datos_laborales[Relacion de Dependencia],"dato no encontrado",0,1)} -> Monotributista | E68: {=XLOOKUP(C68,datos_delegados[clave_foranea:],datos_delegados[En Actividad]," ",0,1)} -> 1 | F68: {=CONCATENATE(XLOOKUP(C68,datos_personales[id:],datos_personales[Apellido:],"no dato",0,1),", ",XLOOKUP(C68,datos_personales[id:],datos_personales[Nombre],"no dato",0,1))} -> jofre, vivian | G68: {=XLOOKUP(C68,datos_laborales[clave_foranea],datos_laborales[N° De Legajo],"no dato",0,1)} -> 343 | H68: {=XLOOKUP(C68,datos_laborales[clave_foranea], datos_laborales[Inicio Actividad:],"no dato",0,1)} -> 42856 | I68: {=XLOOKUP(C68,datos_laborales[clave_foranea],datos_laborales[Años en Actividad:],"no dato",0,1)} -> 8 | J68: {=XLOOKUP(C68,datos_personales[id:],datos_personales[D.n.i:],"no dato",0,1)} -> 29319005 | K68: {=XLOOKUP(C68,datos_personales[id:],datos_personales[Fecha Nacimiento:],"no dato",0,1)} -> 29991 | L68: =COUNTIF(hijos!B:B,C68) -> 1 | M68: =COUNTIFS(hijos!B:B,C68,hijos!I:I,1) -> 0 | N68: =COUNTIFS(hijos!B:B,C68,hijos!J:J,1) -> 0 | O68: =COUNTIFS(hijos!B:B,C68,hijos!K:K,1) -> 1 | P68: =COUNTIFS(hijos!B:B,C68,hijos!L:L,1) -> 0 | Q68: =SUM(M68:P68) -> 1 | R68: {=XLOOKUP(C68,datos_personales[id:],datos_personales[Tel. Contacto:],"no dato",0,1)} -> 1131374280 | S68: {=XLOOKUP(C68,datos_personales[id:],datos_personales[E-Mail:],"no dato",0,1)} | T68: {=XLOOKUP(R68,telefonos_afiliados[numeros_loys],telefonos_afiliados[esta],"no esta",0,1)} -> 1
C69: =datos_personales[id:] -> 31703988 | D69: {=XLOOKUP(C69,datos_laborales[clave_foranea],datos_laborales[Relacion de Dependencia],"dato no encontrado",0,1)} -> Monotributista | E69: {=XLOOKUP(C69,datos_delegados[clave_foranea:],datos_delegados[En Actividad]," ",0,1)} -> 1 | F69: {=CONCATENATE(XLOOKUP(C69,datos_personales[id:],datos_personales[Apellido:],"no dato",0,1),", ",XLOOKUP(C69,datos_personales[id:],datos_personales[Nombre],"no dato",0,1))} -> jurado usabarrena, lourdes anabel | G69: {=XLOOKUP(C69,datos_laborales[clave_foranea],datos_laborales[N° De Legajo],"no dato",0,1)} -> 779 | H69: {=XLOOKUP(C69,datos_laborales[clave_foranea], datos_laborales[Inicio Actividad:],"no dato",0,1)} -> 42948 | I69: {=XLOOKUP(C69,datos_laborales[clave_foranea],datos_laborales[Años en Actividad:],"no dato",0,1)} -> 8 | J69: {=XLOOKUP(C69,datos_personales[id:],datos_personales[D.n.i:],"no dato",0,1)} -> 31703988 | K69: {=XLOOKUP(C69,datos_personales[id:],datos_personales[Fecha Nacimiento:],"no dato",0,1)} -> 31240 | L69: =COUNTIF(hijos!B:B,C69) -> 0 | M69: =COUNTIFS(hijos!B:B,C69,hijos!I:I,1) -> 0 | N69: =COUNTIFS(hijos!B:B,C69,hijos!J:J,1) -> 0 | O69: =COUNTIFS(hijos!B:B,C69,hijos!K:K,1) -> 0 | P69: =COUNTIFS(hijos!B:B,C69,hijos!L:L,1) -> 0 | Q69: =SUM(M69:P69) -> 0 | R69: {=XLOOKUP(C69,datos_personales[id:],datos_personales[Tel. Contacto:],"no dato",0,1)} | S69: {=XLOOKUP(C69,datos_personales[id:],datos_personales[E-Mail:],"no dato",0,1)} -> lourdesjurado85@gmail.com | T69: {=XLOOKUP(R69,telefonos_afiliados[numeros_loys],telefonos_afiliados[esta],"no esta",0,1)} -> no esta | U69: {=XLOOKUP(C69,datos_laborales[id:],datos_laborales[renuncio],"no dato",0,1)} -> no dato | V69: {=XLOOKUP(C69,datos_laborales[clave_foranea],datos_laborales[tiene_ficha_pdf],"no tiene ficha pdf",0,1)} -> no tiene en pdf
C70: =datos_personales[id:] -> 30455729 | D70: {=XLOOKUP(C70,datos_laborales[clave_foranea],datos_laborales[Relacion de Dependencia],"dato no encontrado",0,1)} -> Planta Transitoria | E70: {=XLOOKUP(C70,datos_delegados[clave_foranea:],datos_delegados[En Actividad]," ",0,1)} -> 1 | F70: {=CONCATENATE(XLOOKUP(C70,datos_personales[id:],datos_personales[Apellido:],"no dato",0,1),", ",XLOOKUP(C70,datos_personales[id:],datos_personales[Nombre],"no dato",0,1))} -> kehoe, marianela | G70: {=XLOOKUP(C70,datos_laborales[clave_foranea],datos_laborales[N° De Legajo],"no dato",0,1)} -> 129 | H70: {=XLOOKUP(C70,datos_laborales[clave_foranea], datos_laborales[Inicio Actividad:],"no dato",0,1)} -> 41818 | I70: {=XLOOKUP(C70,datos_laborales[clave_foranea],datos_laborales[Años en Actividad:],"no dato",0,1)} -> 11 | J70: {=XLOOKUP(C70,datos_personales[id:],datos_personales[D.n.i:],"no dato",0,1)} -> 30455729 | K70: {=XLOOKUP(C70,datos_personales[id:],datos_personales[Fecha Nacimiento:],"no dato",0,1)} -> 30612 | L70: =COUNTIF(hijos!B:B,C70) -> 3 | M70: =COUNTIFS(hijos!B:B,C70,hijos!I:I,1) -> 0 | N70: =COUNTIFS(hijos!B:B,C70,hijos!J:J,1) -> 0 | O70: =COUNTIFS(hijos!B:B,C70,hijos!K:K,1) -> 0 | P70: =COUNTIFS(hijos!B:B,C70,hijos!L:L,1) -> 0 | Q70: =SUM(M70:P70) -> 0 | R70: {=XLOOKUP(C70,datos_personales[id:],datos_personales[Tel. Contacto:],"no dato",0,1)} -> 1127588744 | S70: {=XLOOKUP(C70,datos_personales[id:],datos_personales[E-Mail:],"no dato",0,1)} -> Mariankehoe83@hotmail.com | T70: {=XLOOKUP(R70,telefonos_afiliados[numeros_loys],telefonos_afiliados[esta],"no esta",0,1)} -> 1
C71: =datos_personales[id:] -> 43406398 | D71: {=XLOOKUP(C71,datos_laborales[clave_foranea],datos_laborales[Relacion de Dependencia],"dato no encontrado",0,1)} -> Monotributista | E71: {=XLOOKUP(C71,datos_delegados[clave_foranea:],datos_delegados[En Actividad]," ",0,1)} | F71: {=CONCATENATE(XLOOKUP(C71,datos_personales[id:],datos_personales[Apellido:],"no dato",0,1),", ",XLOOKUP(C71,datos_personales[id:],datos_personales[Nombre],"no dato",0,1))} -> kim, sabrina leila | G71: {=XLOOKUP(C71,datos_laborales[clave_foranea],datos_laborales[N° De Legajo],"no dato",0,1)} -> 1969 | H71: {=XLOOKUP(C71,datos_laborales[clave_foranea], datos_laborales[Inicio Actividad:],"no dato",0,1)} | I71: {=XLOOKUP(C71,datos_laborales[clave_foranea],datos_laborales[Años en Actividad:],"no dato",0,1)} -> 126 | J71: {=XLOOKUP(C71,datos_personales[id:],datos_personales[D.n.i:],"no dato",0,1)} -> 43406398 | K71: {=XLOOKUP(C71,datos_personales[id:],datos_personales[Fecha Nacimiento:],"no dato",0,1)} -> 37062 | L71: =COUNTIF(hijos!B:B,C71) -> 0 | M71: =COUNTIFS(hijos!B:B,C71,hijos!I:I,1) -> 0 | N71: =COUNTIFS(hijos!B:B,C71,hijos!J:J,1) -> 0 | O71: =COUNTIFS(hijos!B:B,C71,hijos!K:K,1) -> 0 | P71: =COUNTIFS(hijos!B:B,C71,hijos!L:L,1) -> 0 | Q71: =SUM(M71:P71) -> 0 | R71: {=XLOOKUP(C71,datos_personales[id:],datos_personales[Tel. Contacto:],"no dato",0,1)} -> 1165567776 | S71: {=XLOOKUP(C71,datos_personales[id:],datos_personales[E-Mail:],"no dato",0,1)} -> skleila2001@hotmail.com | T71: {=XLOOKUP(R71,telefonos_afiliados[numeros_loys],telefonos_afiliados[esta],"no esta",0,1)} -> 1 | U71: {=XLOOKUP(C71,datos_personales[id:],datos_laborales[renuncio],"no dato",0,1)} -> #N/A | V71: {=XLOOKUP(C71,datos_laborales[clave_foranea],datos_laborales[tiene_ficha_pdf],"no tiene ficha pdf",0,1)} -> 1
C72: =datos_personales[id:] -> 34583817 | D72: {=XLOOKUP(C72,datos_laborales[clave_foranea],datos_laborales[Relacion de Dependencia],"dato no encontrado",0,1)} -> Planta Transitoria | E72: {=XLOOKUP(C72,datos_delegados[clave_foranea:],datos_delegados[En Actividad]," ",0,1)} -> 1 | F72: {=CONCATENATE(XLOOKUP(C72,datos_personales[id:],datos_personales[Apellido:],"no dato",0,1),", ",XLOOKUP(C72,datos_personales[id:],datos_personales[Nombre],"no dato",0,1))} -> larche, dario ezequiel | G72: {=XLOOKUP(C72,datos_laborales[clave_foranea],datos_laborales[N° De Legajo],"no dato",0,1)} -> 166 | H72: {=XLOOKUP(C72,datos_laborales[clave_foranea], datos_laborales[Inicio Actividad:],"no dato",0,1)} -> 41692 | I72: {=XLOOKUP(C72,datos_laborales[clave_foranea],datos_laborales[Años en Actividad:],"no dato",0,1)} -> 11 | J72: {=XLOOKUP(C72,datos_personales[id:],datos_personales[D.n.i:],"no dato",0,1)} -> 34583817 | K72: {=XLOOKUP(C72,datos_personales[id:],datos_personales[Fecha Nacimiento:],"no dato",0,1)} -> 32698 | L72: =COUNTIF(hijos!B:B,C72) -> 0 | M72: =COUNTIFS(hijos!B:B,C72,hijos!I:I,1) -> 0 | N72: =COUNTIFS(hijos!B:B,C72,hijos!J:J,1) -> 0 | O72: =COUNTIFS(hijos!B:B,C72,hijos!K:K,1) -> 0 | P72: =COUNTIFS(hijos!B:B,C72,hijos!L:L,1) -> 0 | Q72: =SUM(M72:P72) -> 0 | R72: {=XLOOKUP(C72,datos_personales[id:],datos_personales[Tel. Contacto:],"no dato",0,1)} -> 1125670074 | S72: {=XLOOKUP(C72,datos_personales[id:],datos_personales[E-Mail:],"no dato",0,1)} -> dario_larche89@hotmail.com | T72: {=XLOOKUP(R72,telefonos_afiliados[numeros_loys],telefonos_afiliados[esta],"no esta",0,1)} -> 1
C73: =datos_personales[id:] -> 25422284 | D73: {=XLOOKUP(C73,datos_laborales[clave_foranea],datos_laborales[Relacion de Dependencia],"dato no encontrado",0,1)} -> Monotributista | E73: {=XLOOKUP(C73,datos_delegados[clave_foranea:],datos_delegados[En Actividad]," ",0,1)} | F73: {=CONCATENATE(XLOOKUP(C73,datos_personales[id:],datos_personales[Apellido:],"no dato",0,1),", ",XLOOKUP(C73,datos_personales[id:],datos_personales[Nombre],"no dato",0,1))} -> lenisa, nancy yanina | G73: {=XLOOKUP(C73,datos_laborales[clave_foranea],datos_laborales[N° De Legajo],"no dato",0,1)} -> 925 | H73: {=XLOOKUP(C73,datos_laborales[clave_foranea], datos_laborales[Inicio Actividad:],"no dato",0,1)} -> 42954 | I73: {=XLOOKUP(C73,datos_laborales[clave_foranea],datos_laborales[Años en Actividad:],"no dato",0,1)} -> 8 | J73: {=XLOOKUP(C73,datos_personales[id:],datos_personales[D.n.i:],"no dato",0,1)} -> 25422284 | K73: {=XLOOKUP(C73,datos_personales[id:],datos_personales[Fecha Nacimiento:],"no dato",0,1)} -> 27962 | L73: =COUNTIF(hijos!B:B,C73) -> 0 | M73: =COUNTIFS(hijos!B:B,C73,hijos!I:I,1) -> 0 | N73: =COUNTIFS(hijos!B:B,C73,hijos!J:J,1) -> 0 | O73: =COUNTIFS(hijos!B:B,C73,hijos!K:K,1) -> 0 | P73: =COUNTIFS(hijos!B:B,C73,hijos!L:L,1) -> 0 | Q73: =SUM(M73:P73) -> 0 | R73: {=XLOOKUP(C73,datos_personales[id:],datos_personales[Tel. Contacto:],"no dato",0,1)} -> 1131666927 | S73: {=XLOOKUP(C73,datos_personales[id:],datos_personales[E-Mail:],"no dato",0,1)} -> nancy210776@gmail.com | T73: {=XLOOKUP(R73,telefonos_afiliados[numeros_loys],telefonos_afiliados[esta],"no esta",0,1)} -> 1 | U73: {=XLOOKUP(C73,datos_personales[id:],datos_laborales[renuncio],"no dato",0,1)} -> #N/A | V73: {=XLOOKUP(C73,datos_laborales[clave_foranea],datos_laborales[tiene_ficha_pdf],"no tiene ficha pdf",0,1)} -> no tiene en pdf
C74: =datos_personales[id:] -> 27259537 | D74: {=XLOOKUP(C74,datos_laborales[clave_foranea],datos_laborales[Relacion de Dependencia],"dato no encontrado",0,1)} -> Monotributista | E74: {=XLOOKUP(C74,datos_delegados[clave_foranea:],datos_delegados[En Actividad]," ",0,1)} | F74: {=CONCATENATE(XLOOKUP(C74,datos_personales[id:],datos_personales[Apellido:],"no dato",0,1),", ",XLOOKUP(C74,datos_personales[id:],datos_personales[Nombre],"no dato",0,1))} -> linos, dolores del carmen | G74: {=XLOOKUP(C74,datos_laborales[clave_foranea],datos_laborales[N° De Legajo],"no dato",0,1)} -> 1536 | H74: {=XLOOKUP(C74,datos_laborales[clave_foranea], datos_laborales[Inicio Actividad:],"no dato",0,1)} -> 43405 | I74: {=XLOOKUP(C74,datos_laborales[clave_foranea],datos_laborales[Años en Actividad:],"no dato",0,1)} -> 7 | J74: {=XLOOKUP(C74,datos_personales[id:],datos_personales[D.n.i:],"no dato",0,1)} -> 27259537 | K74: {=XLOOKUP(C74,datos_personales[id:],datos_personales[Fecha Nacimiento:],"no dato",0,1)} -> 28979 | L74: =COUNTIF(hijos!B:B,C74) -> 2 | M74: =COUNTIFS(hijos!B:B,C74,hijos!I:I,1) -> 0 | N74: =COUNTIFS(hijos!B:B,C74,hijos!J:J,1) -> 0 | O74: =COUNTIFS(hijos!B:B,C74,hijos!K:K,1) -> 0 | P74: =COUNTIFS(hijos!B:B,C74,hijos!L:L,1) -> 2 | Q74: =SUM(M74:P74) -> 2 | R74: {=XLOOKUP(C74,datos_personales[id:],datos_personales[Tel. Contacto:],"no dato",0,1)} -> 1166665806 | S74: {=XLOOKUP(C74,datos_personales[id:],datos_personales[E-Mail:],"no dato",0,1)} -> doloreslinos0405@gmail.com | T74: {=XLOOKUP(R74,telefonos_afiliados[numeros_loys],telefonos_afiliados[esta],"no esta",0,1)} -> 1 | U74: {=XLOOKUP(C74,datos_personales[id:],datos_laborales[renuncio],"no dato",0,1)} -> #N/A | V74: {=XLOOKUP(C74,datos_laborales[clave_foranea],datos_laborales[tiene_ficha_pdf],"no tiene ficha pdf",0,1)} -> no tiene en pdf
C75: =datos_personales[id:] -> 38128116 | D75: {=XLOOKUP(C75,datos_laborales[clave_foranea],datos_laborales[Relacion de Dependencia],"dato no encontrado",0,1)} -> Monotributista | E75: {=XLOOKUP(C75,datos_delegados[clave_foranea:],datos_delegados[En Actividad]," ",0,1)} | F75: {=CONCATENATE(XLOOKUP(C75,datos_personales[id:],datos_personales[Apellido:],"no dato",0,1),", ",XLOOKUP(C75,datos_personales[id:],datos_personales[Nombre],"no dato",0,1))} -> lopez, daiana belen | G75: {=XLOOKUP(C75,datos_laborales[clave_foranea],datos_laborales[N° De Legajo],"no dato",0,1)} -> 2649 | H75: {=XLOOKUP(C75,datos_laborales[clave_foranea], datos_laborales[Inicio Actividad:],"no dato",0,1)} -> 45048 | I75: {=XLOOKUP(C75,datos_laborales[clave_foranea],datos_laborales[Años en Actividad:],"no dato",0,1)} -> 2 | J75: {=XLOOKUP(C75,datos_personales[id:],datos_personales[D.n.i:],"no dato",0,1)} -> 38128116 | K75: {=XLOOKUP(C75,datos_personales[id:],datos_personales[Fecha Nacimiento:],"no dato",0,1)} -> 34426 | L75: =COUNTIF(hijos!B:B,C75) -> 0 | M75: =COUNTIFS(hijos!B:B,C75,hijos!I:I,1) -> 0 | N75: =COUNTIFS(hijos!B:B,C75,hijos!J:J,1) -> 0 | O75: =COUNTIFS(hijos!B:B,C75,hijos!K:K,1) -> 0 | P75: =COUNTIFS(hijos!B:B,C75,hijos!L:L,1) -> 0 | Q75: =SUM(M75:P75) -> 0 | R75: {=XLOOKUP(C75,datos_personales[id:],datos_personales[Tel. Contacto:],"no dato",0,1)} -> 1139545887 | S75: {=XLOOKUP(C75,datos_personales[id:],datos_personales[E-Mail:],"no dato",0,1)} | T75: {=XLOOKUP(R75,telefonos_afiliados[numeros_loys],telefonos_afiliados[esta],"no esta",0,1)} -> 1 | U75: {=XLOOKUP(C75,datos_laborales[id:],datos_laborales[renuncio],"no dato",0,1)} -> no dato
C76: =datos_personales[id:] -> 29697288 | D76: {=XLOOKUP(C76,datos_laborales[clave_foranea],datos_laborales[Relacion de Dependencia],"dato no encontrado",0,1)} -> Planta Permanente | E76: {=XLOOKUP(C76,datos_delegados[clave_foranea:],datos_delegados[En Actividad]," ",0,1)} | F76: {=CONCATENATE(XLOOKUP(C76,datos_personales[id:],datos_personales[Apellido:],"no dato",0,1),", ",XLOOKUP(C76,datos_personales[id:],datos_personales[Nombre],"no dato",0,1))} -> lopez, gonzalo ezequiel | G76: {=XLOOKUP(C76,datos_laborales[clave_foranea],datos_laborales[N° De Legajo],"no dato",0,1)} | H76: {=XLOOKUP(C76,datos_laborales[clave_foranea], datos_laborales[Inicio Actividad:],"no dato",0,1)} -> 39874 | I76: {=XLOOKUP(C76,datos_laborales[clave_foranea],datos_laborales[Años en Actividad:],"no dato",0,1)} -> 16 | J76: {=XLOOKUP(C76,datos_personales[id:],datos_personales[D.n.i:],"no dato",0,1)} -> 29697288 | K76: {=XLOOKUP(C76,datos_personales[id:],datos_personales[Fecha Nacimiento:],"no dato",0,1)} -> 30167 | L76: =COUNTIF(hijos!B:B,C76) -> 2 | M76: =COUNTIFS(hijos!B:B,C76,hijos!I:I,1) -> 0 | N76: =COUNTIFS(hijos!B:B,C76,hijos!J:J,1) -> 0 | O76: =COUNTIFS(hijos!B:B,C76,hijos!K:K,1) -> 1 | P76: =COUNTIFS(hijos!B:B,C76,hijos!L:L,1) -> 1 | Q76: =SUM(M76:P76) -> 2 | R76: {=XLOOKUP(C76,datos_personales[id:],datos_personales[Tel. Contacto:],"no dato",0,1)} -> 1130764350 | S76: {=XLOOKUP(C76,datos_personales[id:],datos_personales[E-Mail:],"no dato",0,1)} -> gonzalocap@hotmail.com | T76: {=XLOOKUP(R76,telefonos_afiliados[numeros_loys],telefonos_afiliados[esta],"no esta",0,1)} -> no esta | U76: {=XLOOKUP(C76,datos_personales[id:],datos_laborales[renuncio],"no dato",0,1)} -> #N/A | V76: {=XLOOKUP(C76,datos_laborales[clave_foranea],datos_laborales[tiene_ficha_pdf],"no tiene ficha pdf",0,1)} -> no tiene en pdf
C77: =datos_personales[id:] -> 38165910 | D77: {=XLOOKUP(C77,datos_laborales[clave_foranea],datos_laborales[Relacion de Dependencia],"dato no encontrado",0,1)} -> Monotributista | E77: {=XLOOKUP(C77,datos_delegados[clave_foranea:],datos_delegados[En Actividad]," ",0,1)} | F77: {=CONCATENATE(XLOOKUP(C77,datos_personales[id:],datos_personales[Apellido:],"no dato",0,1),", ",XLOOKUP(C77,datos_personales[id:],datos_personales[Nombre],"no dato",0,1))} -> lopez, julieta daiana | G77: {=XLOOKUP(C77,datos_laborales[clave_foranea],datos_laborales[N° De Legajo],"no dato",0,1)} -> 1873 | H77: {=XLOOKUP(C77,datos_laborales[clave_foranea], datos_laborales[Inicio Actividad:],"no dato",0,1)} -> 44256 | I77: {=XLOOKUP(C77,datos_laborales[clave_foranea],datos_laborales[Años en Actividad:],"no dato",0,1)} -> 4 | J77: {=XLOOKUP(C77,datos_personales[id:],datos_personales[D.n.i:],"no dato",0,1)} -> 38165910 | K77: {=XLOOKUP(C77,datos_personales[id:],datos_personales[Fecha Nacimiento:],"no dato",0,1)} -> 34440 | L77: =COUNTIF(hijos!B:B,C77) -> 2 | M77: =COUNTIFS(hijos!B:B,C77,hijos!I:I,1) -> 0 | N77: =COUNTIFS(hijos!B:B,C77,hijos!J:J,1) -> 1 | O77: =COUNTIFS(hijos!B:B,C77,hijos!K:K,1) -> 1 | P77: =COUNTIFS(hijos!B:B,C77,hijos!L:L,1) -> 0 | Q77: =SUM(M77:P77) -> 2 | R77: {=XLOOKUP(C77,datos_personales[id:],datos_personales[Tel. Contacto:],"no dato",0,1)} -> 1156201540 | S77: {=XLOOKUP(C77,datos_personales[id:],datos_personales[E-Mail:],"no dato",0,1)} -> lopezjulieta994@gmail.com | T77: {=XLOOKUP(R77,telefonos_afiliados[numeros_loys],telefonos_afiliados[esta],"no esta",0,1)} -> 1 | U77: {=XLOOKUP(C77,datos_laborales[id:],datos_laborales[renuncio],"no dato",0,1)} -> no dato | V77: {=XLOOKUP(C77,datos_laborales[clave_foranea],datos_laborales[tiene_ficha_pdf],"no tiene ficha pdf",0,1)} -> 1
C78: =datos_personales[id:] -> 37782026 | D78: {=XLOOKUP(C78,datos_laborales[clave_foranea],datos_laborales[Relacion de Dependencia],"dato no encontrado",0,1)} -> Monotributista | E78: {=XLOOKUP(C78,datos_delegados[clave_foranea:],datos_delegados[En Actividad]," ",0,1)} | F78: {=CONCATENATE(XLOOKUP(C78,datos_personales[id:],datos_personales[Apellido:],"no dato",0,1),", ",XLOOKUP(C78,datos_personales[id:],datos_personales[Nombre],"no dato",0,1))} -> lopez, lilian elizabeth | G78: {=XLOOKUP(C78,datos_laborales[clave_foranea],datos_laborales[N° De Legajo],"no dato",0,1)} -> 1989 | H78: {=XLOOKUP(C78,datos_laborales[clave_foranea], datos_laborales[Inicio Actividad:],"no dato",0,1)} | I78: {=XLOOKUP(C78,datos_laborales[clave_foranea],datos_laborales[Años en Actividad:],"no dato",0,1)} -> 126 | J78: {=XLOOKUP(C78,datos_personales[id:],datos_personales[D.n.i:],"no dato",0,1)} -> 37782026 | K78: {=XLOOKUP(C78,datos_personales[id:],datos_personales[Fecha Nacimiento:],"no dato",0,1)} -> 34158 | L78: =COUNTIF(hijos!B:B,C78) -> 2 | M78: =COUNTIFS(hijos!B:B,C78,hijos!I:I,1) -> 0 | N78: =COUNTIFS(hijos!B:B,C78,hijos!J:J,1) -> 0 | O78: =COUNTIFS(hijos!B:B,C78,hijos!K:K,1) -> 2 | P78: =COUNTIFS(hijos!B:B,C78,hijos!L:L,1) -> 0 | Q78: =SUM(M78:P78) -> 2 | R78: {=XLOOKUP(C78,datos_personales[id:],datos_personales[Tel. Contacto:],"no dato",0,1)} -> 1151065312 | S78: {=XLOOKUP(C78,datos_personales[id:],datos_personales[E-Mail:],"no dato",0,1)} -> lilianqac@gmail.com | T78: {=XLOOKUP(R78,telefonos_afiliados[numeros_loys],telefonos_afiliados[esta],"no esta",0,1)} -> 1 | U78: {=XLOOKUP(C78,datos_laborales[id:],datos_laborales[renuncio],"no dato",0,1)} -> no dato
C79: =datos_personales[id:] -> 39075526 | D79: {=XLOOKUP(C79,datos_laborales[clave_foranea],datos_laborales[Relacion de Dependencia],"dato no encontrado",0,1)} -> Monotributista | E79: {=XLOOKUP(C79,datos_delegados[clave_foranea:],datos_delegados[En Actividad]," ",0,1)} | F79: {=CONCATENATE(XLOOKUP(C79,datos_personales[id:],datos_personales[Apellido:],"no dato",0,1),", ",XLOOKUP(C79,datos_personales[id:],datos_personales[Nombre],"no dato",0,1))} -> mamani, ivan | G79: {=XLOOKUP(C79,datos_laborales[clave_foranea],datos_laborales[N° De Legajo],"no dato",0,1)} -> 2813 | H79: {=XLOOKUP(C79,datos_laborales[clave_foranea], datos_laborales[Inicio Actividad:],"no dato",0,1)} | I79: {=XLOOKUP(C79,datos_laborales[clave_foranea],datos_laborales[Años en Actividad:],"no dato",0,1)} -> 126 | J79: {=XLOOKUP(C79,datos_personales[id:],datos_personales[D.n.i:],"no dato",0,1)} -> 39075526 | K79: {=XLOOKUP(C79,datos_personales[id:],datos_personales[Fecha Nacimiento:],"no dato",0,1)} -> 35236 | L79: =COUNTIF(hijos!B:B,C79) -> 0 | M79: =COUNTIFS(hijos!B:B,C79,hijos!I:I,1) -> 0 | N79: =COUNTIFS(hijos!B:B,C79,hijos!J:J,1) -> 0 | O79: =COUNTIFS(hijos!B:B,C79,hijos!K:K,1) -> 0 | P79: =COUNTIFS(hijos!B:B,C79,hijos!L:L,1) -> 0 | Q79: =SUM(M79:P79) -> 0 | R79: {=XLOOKUP(C79,datos_personales[id:],datos_personales[Tel. Contacto:],"no dato",0,1)} -> 1138848109 | S79: {=XLOOKUP(C79,datos_personales[id:],datos_personales[E-Mail:],"no dato",0,1)} | T79: {=XLOOKUP(R79,telefonos_afiliados[numeros_loys],telefonos_afiliados[esta],"no esta",0,1)} -> no esta | U79: {=XLOOKUP(C79,datos_personales[id:],datos_laborales[renuncio],"no dato",0,1)} -> #N/A | V79: {=XLOOKUP(C79,datos_laborales[clave_foranea],datos_laborales[tiene_ficha_pdf],"no tiene ficha pdf",0,1)} -> no tiene en pdf
